<?xml version="1.0" standalone="no"?>
<!DOCTYPE database SYSTEM "file:///System/Library/DTDs/CoreData.dtd">

<database>
    <databaseInfo>
        <version>134481920</version>
        <UUID>D0F749EF-C3F6-4D1D-94F3-65955DBAE98A</UUID>
        <nextObjectID>101</nextObjectID>
        <metadata>
            <plist version="1.0">
                <dict>
                    <key>NSPersistenceFrameworkVersion</key>
                    <integer>526</integer>
                    <key>NSStoreModelVersionHashes</key>
                    <dict>
                        <key>RPMAntennaRadioFavorite</key>
                        <data>
		7Pt9HtjMQAlBEGGgDGmI6sTdE24p3IeqYD5NR+jJL4U=
		</data>
                        <key>RPMCableTVFavorite</key>
                        <data>
		bVW/cYcj8I7CuCBu+jnF2V7FVZUWeCJXy8ML9lzktZ0=
		</data>
                        <key>RPMFavorite</key>
                        <data>
		DK6GgsBv6TyZNQlpNK+6IjkkE/1+sGkuY/pD5mc9vXE=
		</data>
                        <key>RPMFavoritesList</key>
                        <data>
		UQhqWM7NapKfR7sZG6IjB3vlp/oSjf2QT6BCDpHrzsc=
		</data>
                        <key>RPMMetadataManagedObject</key>
                        <data>
		lErjATz6Mc6Slhs2fjsJj2rzfHXowa2FhRGYZ5pSjo0=
		</data>
                        <key>RPMSatelliteRadioFavorite</key>
                        <data>
		J81UaxSeqxheZHo5qCg2CdMLNvaeI8Ip8nngg4SL6Kk=
		</data>
                        <key>rpmTelevisionFavorite</key>
                        <data>
		ht3/dwyE3UjlSXHnIuOIniQqqA2XxymL8xO8Ulok+Ag=
		</data>
                    </dict>
                    <key>NSStoreModelVersionHashesVersion</key>
                    <integer>3</integer>
                    <key>NSStoreModelVersionIdentifiers</key>
                    <array>
                        <string>2.0</string>
                    </array>
                </dict>
            </plist>
        </metadata>
    </databaseInfo>
</database>