<?xml version="1.0" encoding="UTF-8"?>
<connection_definitions xmlns:xsi="http://www.w3.org/2001/XMLSchema-instance" xsi:noNamespaceSchemaLocation="connection_definitions.xsd" minimum_engine_version="0">
<component user_defined_name="Kitchen Speakers">
<input model="StandardWire" slot="Connector" name_on_component="StandardWire">
<audio_media type="speakers_stereo">
<connection>
<peer_io user_defined_name="Existing Amplifier" name_on_component="ZONE 3 + Left - - Right +">
<audio_media type="speakers_stereo"/>
</peer_io>
</connection>
</audio_media>
</input>
</component>
<component user_defined_name="Media Speakers">
<input model="5.1StandardWire" slot="Connector" name_on_component="5.1StandardWire">
<audio_media type="speakers_5.1_surround">
<connection>
<peer_io user_defined_name="Media AVR" name_on_component="FRONT L/R, CENTER, FRONT HIGH L/R, and FRONT WIDE L/R">
<audio_media type="speakers_7.1_surround"/>
</peer_io>
</connection>
</audio_media>
</input>
</component>
<component user_defined_name="_Network">
<data model="10/100 Ethernet 8 Port Bank" slot="1" name_on_component="Ethernet Port 1">
<data_media type="ethernet">
<connection>
<peer_io user_defined_name="Busey System Host" name_on_component="Ethernet">
<data_media type="ethernet"/>
</peer_io>
</connection>
</data_media>
</data>
<data model="10/100 Ethernet 8 Port Bank" slot="2" name_on_component="Ethernet Port 1">
<data_media type="ethernet">
<connection>
<peer_io user_defined_name="Controller 1" name_on_component="Ethernet">
<data_media type="ethernet"/>
</peer_io>
</connection>
</data_media>
</data>
<data model="10/100 Ethernet 8 Port Bank" slot="4" name_on_component="Ethernet Port 1">
<data_media type="ethernet">
<connection>
<peer_io user_defined_name="Audio Matrix" name_on_component="Ethernet">
<data_media type="ethernet"/>
</peer_io>
</connection>
</data_media>
</data>
</component>
<component user_defined_name="Master Bathroom Speakers">
<input model="StandardWire" slot="Connector" name_on_component="StandardWire">
<audio_media type="speakers_stereo">
<connection>
<peer_io user_defined_name="Existing Amplifier" name_on_component="ZONE 4 + Left - - Right +">
<audio_media type="speakers_stereo"/>
</peer_io>
</connection>
</audio_media>
</input>
</component>
<component user_defined_name="Apple TV">
<output name_on_component="HDMI">
<video_media type="hdmi">
<connection>
<peer_io user_defined_name="Video Matrix" name_on_component="HDMI Input 3">
<video_media type="hdmi"/>
</peer_io>
</connection>
</video_media>
</output>
<output name_on_component="HDMI">
<audio_media type="hdmi_audio">
<connection>
<peer_io user_defined_name="Video Matrix" name_on_component="HDMI Input 3">
<audio_media type="hdmi_audio"/>
</peer_io>
</connection>
</audio_media>
</output>
<output name_on_component="optical audio">
<audio_media type="optical_digital">
<connection>
<peer_io user_defined_name="Audio Matrix" model="Audio Support Module" slot="Video Output Slot 1" name_on_component="Digital Audio In 2">
<audio_media type="optical_digital"/>
</peer_io>
</connection>
</audio_media>
</output>
<control>
<ir_control name_on_component="IR">
<master_controller_port name="IR 3" master_name="Audio Matrix"/>
</ir_control>
</control>
</component>
<component user_defined_name="Living HRX">
<input name_on_component="Link">
<video_media type="link">
<connection>
<peer_io user_defined_name="Video Matrix" name_on_component="Output 3">
<video_media type="link"/>
</peer_io>
</connection>
</video_media>
</input>
<input name_on_component="Link">
<audio_media type="link_audio">
<connection>
<peer_io user_defined_name="Video Matrix" name_on_component="Output 3">
<audio_media type="link_audio"/>
</peer_io>
</connection>
</audio_media>
</input>
<output name_on_component="HDMI Out">
<video_media type="hdmi">
<connection>
<peer_io user_defined_name="Living Display" name_on_component="HDMI IN 1">
<video_media type="hdmi"/>
</peer_io>
</connection>
</video_media>
</output>
<output name_on_component="HDMI Out">
<audio_media type="hdmi_audio">
<connection>
<peer_io user_defined_name="Living Display" name_on_component="HDMI IN 1">
<audio_media type="hdmi_audio"/>
</peer_io>
</connection>
</audio_media>
</output>
</component>
<component user_defined_name="Office 2 HRX">
<input name_on_component="Link">
<video_media type="link">
<connection>
<peer_io user_defined_name="Video Matrix" name_on_component="Output 1">
<video_media type="link"/>
</peer_io>
</connection>
</video_media>
</input>
<input name_on_component="Link">
<audio_media type="link_audio">
<connection>
<peer_io user_defined_name="Video Matrix" name_on_component="Output 1">
<audio_media type="link_audio"/>
</peer_io>
</connection>
</audio_media>
</input>
<output name_on_component="HDMI Out">
<video_media type="hdmi">
<connection>
<peer_io user_defined_name="Office Bottom Display" name_on_component="HDMI/DVI IN 1(ARC)">
<video_media type="hdmi"/>
</peer_io>
</connection>
</video_media>
</output>
<output name_on_component="HDMI Out">
<audio_media type="hdmi_audio">
<connection>
<peer_io user_defined_name="Office Bottom Display" name_on_component="HDMI/DVI IN 1(ARC)">
<audio_media type="hdmi_audio"/>
</peer_io>
</connection>
</audio_media>
</output>
</component>
<component user_defined_name="Kitchen HRX">
<input name_on_component="Link">
<video_media type="link">
<connection>
<peer_io user_defined_name="Video Matrix" name_on_component="Output 4">
<video_media type="link"/>
</peer_io>
</connection>
</video_media>
</input>
<input name_on_component="Link">
<audio_media type="link_audio">
<connection>
<peer_io user_defined_name="Video Matrix" name_on_component="Output 4">
<audio_media type="link_audio"/>
</peer_io>
</connection>
</audio_media>
</input>
<output name_on_component="HDMI Out">
<video_media type="hdmi">
<connection>
<peer_io user_defined_name="Kitchen Display" name_on_component="HDMI IN 1">
<video_media type="hdmi"/>
</peer_io>
</connection>
</video_media>
</output>
<output name_on_component="HDMI Out">
<audio_media type="hdmi_audio">
<connection>
<peer_io user_defined_name="Kitchen Display" name_on_component="HDMI IN 1">
<audio_media type="hdmi_audio"/>
</peer_io>
</connection>
</audio_media>
</output>
</component>
<component user_defined_name="Uverse 2">
<input name_on_component="TO WALL(VIDEO IN)">
<signal type="digital_tv_coaxial">
<connection>
<peer_io user_defined_name="Signal Source" name_on_component="Digital Cable TV Coaxial 2">
<signal type="digital_tv_coaxial"/>
</peer_io>
</connection>
</signal>
</input>
<output name_on_component="HDMI">
<video_media type="hdmi">
<connection>
<peer_io user_defined_name="Video Matrix" name_on_component="HDMI Input 2">
<video_media type="hdmi"/>
</peer_io>
</connection>
</video_media>
</output>
<output name_on_component="HDMI">
<audio_media type="hdmi_audio">
<connection>
<peer_io user_defined_name="Video Matrix" name_on_component="HDMI Input 2">
<audio_media type="hdmi_audio"/>
</peer_io>
</connection>
</audio_media>
</output>
<output name_on_component="AUDIO(TOP)">
<audio_media type="rca_stereo">
<connection>
<peer_io user_defined_name="Audio Matrix" model="Audio Input Module Sys2-R2" slot="Audio Input Slot 1" name_on_component="Stereo In 2">
<audio_media type="rca_stereo"/>
</peer_io>
</connection>
</audio_media>
</output>
<control>
<ir_control name_on_component="IR">
<master_controller_port name="IR 2" master_name="Audio Matrix"/>
</ir_control>
</control>
</component>
<component user_defined_name="Roku">
<output name_on_component="HDMI">
<video_media type="hdmi">
<connection>
<peer_io user_defined_name="Video Matrix" name_on_component="HDMI Input 7">
<video_media type="hdmi"/>
</peer_io>
</connection>
</video_media>
</output>
<output name_on_component="HDMI">
<audio_media type="hdmi_audio">
<connection>
<peer_io user_defined_name="Video Matrix" name_on_component="HDMI Input 7">
<audio_media type="hdmi_audio"/>
</peer_io>
</connection>
</audio_media>
</output>
<control>
<ip_control address="192.168.2.250" port="8060" name_on_component="ETHERNET">
<master_controller_port name="Ethernet" master_name="Busey System Host"/>
</ip_control>
</control>
</component>
<component user_defined_name="Office Bottom Display">
<input name_on_component="HDMI/DVI IN 1(ARC)">
<video_media type="hdmi">
<connection>
<peer_io user_defined_name="Office 2 HRX" name_on_component="HDMI Out">
<video_media type="hdmi"/>
</peer_io>
</connection>
</video_media>
</input>
<input name_on_component="HDMI/DVI IN 1(ARC)">
<audio_media type="hdmi_audio">
<connection>
<peer_io user_defined_name="Office 2 HRX" name_on_component="HDMI Out">
<audio_media type="hdmi_audio"/>
</peer_io>
</connection>
</audio_media>
</input>
<input name_on_component="HDMI/DVI IN 2">
<video_media type="hdmi">
<connection>
<peer_io user_defined_name="Playstation Right" name_on_component="HDMI OUT">
<video_media type="hdmi"/>
</peer_io>
</connection>
</video_media>
</input>
<input name_on_component="HDMI/DVI IN 2">
<audio_media type="hdmi_audio">
<connection>
<peer_io user_defined_name="Playstation Right" name_on_component="HDMI OUT">
<audio_media type="hdmi_audio"/>
</peer_io>
</connection>
</audio_media>
</input>
<input name_on_component="HDMI/DVI IN 3">
<video_media type="hdmi">
<connection>
<peer_io user_defined_name="Playstation Left" name_on_component="HDMI OUT">
<video_media type="hdmi"/>
</peer_io>
</connection>
</video_media>
</input>
<input name_on_component="HDMI/DVI IN 3">
<audio_media type="hdmi_audio">
<connection>
<peer_io user_defined_name="Playstation Left" name_on_component="HDMI OUT">
<audio_media type="hdmi_audio"/>
</peer_io>
</connection>
</audio_media>
</input>
<input name_on_component="HDMI/DVI IN 4(MHL)">
<video_media type="hdmi">
<connection>
<peer_io user_defined_name="Xbox" name_on_component="HDMI OUT">
<video_media type="hdmi"/>
</peer_io>
</connection>
</video_media>
</input>
<input name_on_component="HDMI/DVI IN 4(MHL)">
<audio_media type="hdmi_audio">
<connection>
<peer_io user_defined_name="Xbox" name_on_component="HDMI OUT">
<audio_media type="hdmi_audio"/>
</peer_io>
</connection>
</audio_media>
</input>
<control>
<ir_control name_on_component="IR">
<master_controller_port name="IR(Serial PWM) Output 2" master_name="Controller 1"/>
</ir_control>
</control>
</component>
<component user_defined_name="Office 1 HRX">
<input name_on_component="Link">
<video_media type="link">
<connection>
<peer_io user_defined_name="Video Matrix" name_on_component="Output 2">
<video_media type="link"/>
</peer_io>
</connection>
</video_media>
</input>
<input name_on_component="Link">
<audio_media type="link_audio">
<connection>
<peer_io user_defined_name="Video Matrix" name_on_component="Output 2">
<audio_media type="link_audio"/>
</peer_io>
</connection>
</audio_media>
</input>
<output name_on_component="HDMI Out">
<video_media type="hdmi">
<connection>
<peer_io user_defined_name="Office Top Dispay" name_on_component="HDMI IN 1">
<video_media type="hdmi"/>
</peer_io>
</connection>
</video_media>
</output>
<output name_on_component="HDMI Out">
<audio_media type="hdmi_audio">
<connection>
<peer_io user_defined_name="Office Top Dispay" name_on_component="HDMI IN 1">
<audio_media type="hdmi_audio"/>
</peer_io>
</connection>
</audio_media>
</output>
</component>
<component user_defined_name="Media AVR">
<input name_on_component="HDMI IN 1(DVD/BD)">
<video_media type="hdmi">
<connection>
<peer_io user_defined_name="Video Matrix" name_on_component="Output 7">
<video_media type="hdmi"/>
</peer_io>
</connection>
</video_media>
</input>
<input name_on_component="HDMI IN 1(DVD/BD)">
<audio_media type="hdmi_audio">
<connection>
<peer_io user_defined_name="Video Matrix" name_on_component="Output 7">
<audio_media type="hdmi_audio"/>
</peer_io>
</connection>
</audio_media>
</input>
<input name_on_component="TV/CD IN">
<audio_media type="rca_stereo">
<connection>
<peer_io user_defined_name="Audio Matrix" model="Audio Output Module Sys2-R2" slot="Audio Output Slot 1" name_on_component="Stereo Out 6">
<audio_media type="rca_stereo"/>
</peer_io>
</connection>
</audio_media>
</input>
<output name_on_component="HDMI OUT MAIN">
<video_media type="hdmi">
<connection>
<peer_io user_defined_name="Media Main Display" name_on_component="HDMI IN 1">
<video_media type="hdmi"/>
</peer_io>
</connection>
</video_media>
</output>
<output name_on_component="HDMI OUT MAIN">
<audio_media type="hdmi_audio">
<connection>
<peer_io user_defined_name="Media Main Display" name_on_component="HDMI IN 1">
<audio_media type="hdmi_audio"/>
</peer_io>
</connection>
</audio_media>
</output>
<output name_on_component="FRONT L/R, CENTER, FRONT HIGH L/R, and FRONT WIDE L/R">
<audio_media type="speakers_7.1_surround">
<connection>
<peer_io user_defined_name="Media Speakers" model="5.1StandardWire" slot="Connector" name_on_component="5.1StandardWire">
<audio_media type="speakers_5.1_surround"/>
</peer_io>
</connection>
</audio_media>
</output>
<control>
<rs232_control baud_rate="9600" name_on_component="RS232">
<master_controller_port name="RS-232/422/485 1" master_name="Controller 1"/>
</rs232_control>
</control>
</component>
<component user_defined_name="Media Main Display">
<input name_on_component="HDMI IN 1">
<video_media type="hdmi">
<connection>
<peer_io user_defined_name="Media AVR" name_on_component="HDMI OUT MAIN">
<video_media type="hdmi"/>
</peer_io>
</connection>
</video_media>
</input>
<input name_on_component="HDMI IN 1">
<audio_media type="hdmi_audio">
<connection>
<peer_io user_defined_name="Media AVR" name_on_component="HDMI OUT MAIN">
<audio_media type="hdmi_audio"/>
</peer_io>
</connection>
</audio_media>
</input>
<control>
<ir_control name_on_component="IR">
<master_controller_port name="IR(Serial PWM) Output 5" master_name="Controller 1"/>
</ir_control>
</control>
</component>
<component user_defined_name="Living Sub Amp">
<input name_on_component="Unbalanced Stereo In">
<audio_media type="rca_stereo">
<connection>
<peer_io user_defined_name="Audio Matrix" model="Audio Output Module Sys2-R2" slot="Audio Output Slot 1" name_on_component="Stereo Out 11">
<audio_media type="rca_stereo"/>
</peer_io>
</connection>
</audio_media>
</input>
</component>
<component user_defined_name="Master Bed AVR">
<input name_on_component="HDMI IN 1(BD/DVD)">
<video_media type="hdmi">
<connection>
<peer_io user_defined_name="Video Matrix" name_on_component="Output 8">
<video_media type="hdmi"/>
</peer_io>
</connection>
</video_media>
</input>
<input name_on_component="HDMI IN 1(BD/DVD)">
<audio_media type="hdmi_audio">
<connection>
<peer_io user_defined_name="Video Matrix" name_on_component="Output 8">
<audio_media type="hdmi_audio"/>
</peer_io>
</connection>
</audio_media>
</input>
<input name_on_component="TV/CD IN">
<audio_media type="rca_stereo">
<connection>
<peer_io user_defined_name="Audio Matrix" model="Audio Output Module Sys2-R2" slot="Audio Output Slot 1" name_on_component="Stereo Out 7">
<audio_media type="rca_stereo"/>
</peer_io>
</connection>
</audio_media>
</input>
<output name_on_component="SURR BACK SPEAKERS OR FRONT HIGH SPEAKERS SURR SPEAKERS FRONT SPEAKERS CENTER SPEAKERS">
<audio_media type="speakers_7.1_surround">
<connection>
<peer_io user_defined_name="Master Bed WH Speakers" model="5.1StandardWire" slot="Connector" name_on_component="5.1StandardWire">
<audio_media type="speakers_5.1_surround"/>
</peer_io>
</connection>
</audio_media>
</output>
<control>
<rs232_control baud_rate="9600" name_on_component="RS232">
<master_controller_port name="RS-232/422/485 2" master_name="Controller 1"/>
</rs232_control>
</control>
</component>
<component user_defined_name="Living Speakers">
<input model="StandardWire" slot="Connector" name_on_component="StandardWire">
<audio_media type="speakers_stereo">
<connection>
<peer_io user_defined_name="Existing Amplifier" name_on_component="ZONE 2 + Left - - Right +">
<audio_media type="speakers_stereo"/>
</peer_io>
</connection>
</audio_media>
</input>
</component>
<component user_defined_name="Master Bed WH Speakers">
<input model="5.1StandardWire" slot="Connector" name_on_component="5.1StandardWire">
<audio_media type="speakers_5.1_surround">
<connection>
<peer_io user_defined_name="Master Bed AVR" name_on_component="SURR BACK SPEAKERS OR FRONT HIGH SPEAKERS SURR SPEAKERS FRONT SPEAKERS CENTER SPEAKERS">
<audio_media type="speakers_7.1_surround"/>
</peer_io>
</connection>
</audio_media>
</input>
</component>
<component user_defined_name="Playstation Left">
<output name_on_component="HDMI OUT">
<video_media type="hdmi">
<connection>
<peer_io user_defined_name="Office Bottom Display" name_on_component="HDMI/DVI IN 3">
<video_media type="hdmi"/>
</peer_io>
</connection>
</video_media>
</output>
<output name_on_component="HDMI OUT">
<audio_media type="hdmi_audio">
<connection>
<peer_io user_defined_name="Office Bottom Display" name_on_component="HDMI/DVI IN 3">
<audio_media type="hdmi_audio"/>
</peer_io>
</connection>
</audio_media>
</output>
</component>
<component user_defined_name="Video Matrix">
<input name_on_component="HDMI Input 1">
<video_media type="hdmi">
<connection>
<peer_io user_defined_name="Uverse 1" name_on_component="HDMI">
<video_media type="hdmi"/>
</peer_io>
</connection>
</video_media>
</input>
<input name_on_component="HDMI Input 1">
<audio_media type="hdmi_audio">
<connection>
<peer_io user_defined_name="Uverse 1" name_on_component="HDMI">
<audio_media type="hdmi_audio"/>
</peer_io>
</connection>
</audio_media>
</input>
<input name_on_component="HDMI Input 2">
<video_media type="hdmi">
<connection>
<peer_io user_defined_name="Uverse 2" name_on_component="HDMI">
<video_media type="hdmi"/>
</peer_io>
</connection>
</video_media>
</input>
<input name_on_component="HDMI Input 2">
<audio_media type="hdmi_audio">
<connection>
<peer_io user_defined_name="Uverse 2" name_on_component="HDMI">
<audio_media type="hdmi_audio"/>
</peer_io>
</connection>
</audio_media>
</input>
<input name_on_component="HDMI Input 3">
<video_media type="hdmi">
<connection>
<peer_io user_defined_name="Apple TV" name_on_component="HDMI">
<video_media type="hdmi"/>
</peer_io>
</connection>
</video_media>
</input>
<input name_on_component="HDMI Input 3">
<audio_media type="hdmi_audio">
<connection>
<peer_io user_defined_name="Apple TV" name_on_component="HDMI">
<audio_media type="hdmi_audio"/>
</peer_io>
</connection>
</audio_media>
</input>
<input name_on_component="HDMI Input 7">
<video_media type="hdmi">
<connection>
<peer_io user_defined_name="Roku" name_on_component="HDMI">
<video_media type="hdmi"/>
</peer_io>
</connection>
</video_media>
</input>
<input name_on_component="HDMI Input 7">
<audio_media type="hdmi_audio">
<connection>
<peer_io user_defined_name="Roku" name_on_component="HDMI">
<audio_media type="hdmi_audio"/>
</peer_io>
</connection>
</audio_media>
</input>
<input name_on_component="HDMI Input 8">
<video_media type="hdmi">
<connection>
<peer_io user_defined_name="Surveillance System" name_on_component="HDMI">
<video_media type="hdmi"/>
</peer_io>
</connection>
</video_media>
</input>
<input name_on_component="HDMI Input 8">
<audio_media type="hdmi_audio">
<connection>
<peer_io user_defined_name="Surveillance System" name_on_component="HDMI">
<audio_media type="hdmi_audio"/>
</peer_io>
</connection>
</audio_media>
</input>
<output name_on_component="Output 1">
<video_media type="link">
<connection>
<peer_io user_defined_name="Office 2 HRX" name_on_component="Link">
<video_media type="link"/>
</peer_io>
</connection>
</video_media>
</output>
<output name_on_component="Output 1">
<audio_media type="link_audio">
<connection>
<peer_io user_defined_name="Office 2 HRX" name_on_component="Link">
<audio_media type="link_audio"/>
</peer_io>
</connection>
</audio_media>
</output>
<output name_on_component="Output 2">
<video_media type="link">
<connection>
<peer_io user_defined_name="Office 1 HRX" name_on_component="Link">
<video_media type="link"/>
</peer_io>
</connection>
</video_media>
</output>
<output name_on_component="Output 2">
<audio_media type="link_audio">
<connection>
<peer_io user_defined_name="Office 1 HRX" name_on_component="Link">
<audio_media type="link_audio"/>
</peer_io>
</connection>
</audio_media>
</output>
<output name_on_component="Output 3">
<video_media type="link">
<connection>
<peer_io user_defined_name="Living HRX" name_on_component="Link">
<video_media type="link"/>
</peer_io>
</connection>
</video_media>
</output>
<output name_on_component="Output 3">
<audio_media type="link_audio">
<connection>
<peer_io user_defined_name="Living HRX" name_on_component="Link">
<audio_media type="link_audio"/>
</peer_io>
</connection>
</audio_media>
</output>
<output name_on_component="Output 4">
<video_media type="link">
<connection>
<peer_io user_defined_name="Kitchen HRX" name_on_component="Link">
<video_media type="link"/>
</peer_io>
</connection>
</video_media>
</output>
<output name_on_component="Output 4">
<audio_media type="link_audio">
<connection>
<peer_io user_defined_name="Kitchen HRX" name_on_component="Link">
<audio_media type="link_audio"/>
</peer_io>
</connection>
</audio_media>
</output>
<output name_on_component="Output 5">
<video_media type="link">
<connection>
<peer_io user_defined_name="Media HRX" name_on_component="Link">
<video_media type="link"/>
</peer_io>
</connection>
</video_media>
</output>
<output name_on_component="Output 5">
<audio_media type="link_audio">
<connection>
<peer_io user_defined_name="Media HRX" name_on_component="Link">
<audio_media type="link_audio"/>
</peer_io>
</connection>
</audio_media>
</output>
<output name_on_component="Output 6">
<video_media type="link">
<connection>
<peer_io user_defined_name="Master Bed HRX" name_on_component="Link">
<video_media type="link"/>
</peer_io>
</connection>
</video_media>
</output>
<output name_on_component="Output 6">
<audio_media type="link_audio">
<connection>
<peer_io user_defined_name="Master Bed HRX" name_on_component="Link">
<audio_media type="link_audio"/>
</peer_io>
</connection>
</audio_media>
</output>
<output name_on_component="Output 7">
<video_media type="hdmi">
<connection>
<peer_io user_defined_name="Media AVR" name_on_component="HDMI IN 1(DVD/BD)">
<video_media type="hdmi"/>
</peer_io>
</connection>
</video_media>
</output>
<output name_on_component="Output 7">
<audio_media type="hdmi_audio">
<connection>
<peer_io user_defined_name="Media AVR" name_on_component="HDMI IN 1(DVD/BD)">
<audio_media type="hdmi_audio"/>
</peer_io>
</connection>
</audio_media>
</output>
<output name_on_component="Output 8">
<video_media type="hdmi">
<connection>
<peer_io user_defined_name="Master Bed AVR" name_on_component="HDMI IN 1(BD/DVD)">
<video_media type="hdmi"/>
</peer_io>
</connection>
</video_media>
</output>
<output name_on_component="Output 8">
<audio_media type="hdmi_audio">
<connection>
<peer_io user_defined_name="Master Bed AVR" name_on_component="HDMI IN 1(BD/DVD)">
<audio_media type="hdmi_audio"/>
</peer_io>
</connection>
</audio_media>
</output>
<control>
<ip_control address="001AAE0123F50000" port="8085" name_on_component="Control LAN">
<master_controller_port name="Ethernet" master_name="Busey System Host"/>
</ip_control>
</control>
</component>
<component user_defined_name="Existing Amplifier">
<input name_on_component="ZONE 1 L R">
<audio_media type="rca_stereo">
<connection>
<peer_io user_defined_name="Audio Matrix" model="Audio Output Module Sys2-R2" slot="Audio Output Slot 1" name_on_component="Stereo Out 1">
<audio_media type="rca_stereo"/>
</peer_io>
</connection>
</audio_media>
</input>
<input name_on_component="ZONE 2 L R">
<audio_media type="rca_stereo">
<connection>
<peer_io user_defined_name="Audio Matrix" model="Audio Output Module Sys2-R2" slot="Audio Output Slot 1" name_on_component="Stereo Out 2">
<audio_media type="rca_stereo"/>
</peer_io>
</connection>
</audio_media>
</input>
<input name_on_component="ZONE 3 L R">
<audio_media type="rca_stereo">
<connection>
<peer_io user_defined_name="Audio Matrix" model="Audio Output Module Sys2-R2" slot="Audio Output Slot 1" name_on_component="Stereo Out 3">
<audio_media type="rca_stereo"/>
</peer_io>
</connection>
</audio_media>
</input>
<input name_on_component="ZONE 4 L R">
<audio_media type="rca_stereo">
<connection>
<peer_io user_defined_name="Audio Matrix" model="Audio Output Module Sys2-R2" slot="Audio Output Slot 1" name_on_component="Stereo Out 4">
<audio_media type="rca_stereo"/>
</peer_io>
</connection>
</audio_media>
</input>
<input name_on_component="ZONE 5 L R">
<audio_media type="rca_stereo">
<connection>
<peer_io user_defined_name="Audio Matrix" model="Audio Output Module Sys2-R2" slot="Audio Output Slot 1" name_on_component="Stereo Out 5">
<audio_media type="rca_stereo"/>
</peer_io>
</connection>
</audio_media>
</input>
<output name_on_component="ZONE 1 + Left - - Right +">
<audio_media type="speakers_stereo">
<connection>
<peer_io user_defined_name="Office Speakers" model="StandardWire" slot="Connector" name_on_component="StandardWire">
<audio_media type="speakers_stereo"/>
</peer_io>
</connection>
</audio_media>
</output>
<output name_on_component="ZONE 2 + Left - - Right +">
<audio_media type="speakers_stereo">
<connection>
<peer_io user_defined_name="Living Speakers" model="StandardWire" slot="Connector" name_on_component="StandardWire">
<audio_media type="speakers_stereo"/>
</peer_io>
</connection>
</audio_media>
</output>
<output name_on_component="ZONE 3 + Left - - Right +">
<audio_media type="speakers_stereo">
<connection>
<peer_io user_defined_name="Kitchen Speakers" model="StandardWire" slot="Connector" name_on_component="StandardWire">
<audio_media type="speakers_stereo"/>
</peer_io>
</connection>
</audio_media>
</output>
<output name_on_component="ZONE 4 + Left - - Right +">
<audio_media type="speakers_stereo">
<connection>
<peer_io user_defined_name="Master Bathroom Speakers" model="StandardWire" slot="Connector" name_on_component="StandardWire">
<audio_media type="speakers_stereo"/>
</peer_io>
</connection>
</audio_media>
</output>
<output name_on_component="ZONE 5 + Left - - Right +">
<audio_media type="speakers_stereo">
<connection>
<peer_io user_defined_name="Dining Speakers" model="StandardWire" slot="Connector" name_on_component="StandardWire">
<audio_media type="speakers_stereo"/>
</peer_io>
</connection>
</audio_media>
</output>
<control>
<trigger_control name_on_component="Trigger">
<master_controller_port name="GPIO 2" master_name="Audio Matrix"/>
</trigger_control>
</control>
</component>
<component user_defined_name="Busey System Host">
<data name_on_component="Ethernet">
<data_media type="ethernet">
<connection>
<peer_io user_defined_name="_Network" model="10/100 Ethernet 8 Port Bank" slot="1" name_on_component="Ethernet Port 1">
<data_media type="ethernet"/>
</peer_io>
</connection>
</data_media>
</data>
</component>
<component user_defined_name="Uverse 1">
<input name_on_component="TO WALL(VIDEO IN)">
<signal type="digital_tv_coaxial">
<connection>
<peer_io user_defined_name="Signal Source" name_on_component="Digital Cable TV Coaxial 1">
<signal type="digital_tv_coaxial"/>
</peer_io>
</connection>
</signal>
</input>
<output name_on_component="HDMI">
<video_media type="hdmi">
<connection>
<peer_io user_defined_name="Video Matrix" name_on_component="HDMI Input 1">
<video_media type="hdmi"/>
</peer_io>
</connection>
</video_media>
</output>
<output name_on_component="HDMI">
<audio_media type="hdmi_audio">
<connection>
<peer_io user_defined_name="Video Matrix" name_on_component="HDMI Input 1">
<audio_media type="hdmi_audio"/>
</peer_io>
</connection>
</audio_media>
</output>
<output name_on_component="AUDIO OUT(TOP)">
<audio_media type="rca_stereo">
<connection>
<peer_io user_defined_name="Audio Matrix" model="Audio Input Module Sys2-R2" slot="Audio Input Slot 1" name_on_component="Stereo In 1">
<audio_media type="rca_stereo"/>
</peer_io>
</connection>
</audio_media>
</output>
<control>
<ir_control name_on_component="IR">
<master_controller_port name="IR 1" master_name="Audio Matrix"/>
</ir_control>
</control>
</component>
<component user_defined_name="Kitchen Display">
<input name_on_component="HDMI IN 1">
<video_media type="hdmi">
<connection>
<peer_io user_defined_name="Kitchen HRX" name_on_component="HDMI Out">
<video_media type="hdmi"/>
</peer_io>
</connection>
</video_media>
</input>
<input name_on_component="HDMI IN 1">
<audio_media type="hdmi_audio">
<connection>
<peer_io user_defined_name="Kitchen HRX" name_on_component="HDMI Out">
<audio_media type="hdmi_audio"/>
</peer_io>
</connection>
</audio_media>
</input>
<control>
<ir_control name_on_component="IR">
<master_controller_port name="IR(Serial PWM) Output 4" master_name="Controller 1"/>
</ir_control>
</control>
</component>
<component user_defined_name="Office Top Dispay">
<input name_on_component="HDMI IN 1">
<video_media type="hdmi">
<connection>
<peer_io user_defined_name="Office 1 HRX" name_on_component="HDMI Out">
<video_media type="hdmi"/>
</peer_io>
</connection>
</video_media>
</input>
<input name_on_component="HDMI IN 1">
<audio_media type="hdmi_audio">
<connection>
<peer_io user_defined_name="Office 1 HRX" name_on_component="HDMI Out">
<audio_media type="hdmi_audio"/>
</peer_io>
</connection>
</audio_media>
</input>
<control>
<ir_control name_on_component="IR">
<master_controller_port name="IR(Serial PWM) Output 1" master_name="Controller 1"/>
</ir_control>
</control>
</component>
<component user_defined_name="Audio Matrix">
<input model="Audio Input Module Sys2-R2" slot="Audio Input Slot 1" name_on_component="Stereo In 1">
<audio_media type="rca_stereo">
<connection>
<peer_io user_defined_name="Uverse 1" name_on_component="AUDIO OUT(TOP)">
<audio_media type="rca_stereo"/>
</peer_io>
</connection>
</audio_media>
</input>
<input model="Audio Input Module Sys2-R2" slot="Audio Input Slot 1" name_on_component="Stereo In 2">
<audio_media type="rca_stereo">
<connection>
<peer_io user_defined_name="Uverse 2" name_on_component="AUDIO(TOP)">
<audio_media type="rca_stereo"/>
</peer_io>
</connection>
</audio_media>
</input>
<input model="Audio Input Module Sys2-R2" slot="Audio Input Slot 1" name_on_component="Stereo In 4">
<audio_media type="rca_stereo">
<connection>
<peer_io user_defined_name="Media Server" name_on_component="PLAYER A">
<audio_media type="rca_stereo"/>
</peer_io>
</connection>
</audio_media>
</input>
<input model="Audio Support Module" slot="Video Output Slot 1" name_on_component="Digital Audio In 1">
<audio_media type="optical_digital">
<connection>
<peer_io user_defined_name="Media Server" name_on_component="MAIN">
<audio_media type="coaxial_digital"/>
</peer_io>
</connection>
</audio_media>
</input>
<input model="Audio Support Module" slot="Video Output Slot 1" name_on_component="Digital Audio In 2">
<audio_media type="optical_digital">
<connection>
<peer_io user_defined_name="Apple TV" name_on_component="optical audio">
<audio_media type="optical_digital"/>
</peer_io>
</connection>
</audio_media>
</input>
<output model="Audio Output Module Sys2-R2" slot="Audio Output Slot 1" name_on_component="Stereo Out 1">
<audio_media type="rca_stereo">
<connection>
<peer_io user_defined_name="Existing Amplifier" name_on_component="ZONE 1 L R">
<audio_media type="rca_stereo"/>
</peer_io>
</connection>
</audio_media>
</output>
<output model="Audio Output Module Sys2-R2" slot="Audio Output Slot 1" name_on_component="Stereo Out 10">
<audio_media type="rca_stereo">
<connection>
<peer_io user_defined_name="Office Sub Amp" name_on_component="Unbalanced Stereo In">
<audio_media type="rca_stereo"/>
</peer_io>
</connection>
</audio_media>
</output>
<output model="Audio Output Module Sys2-R2" slot="Audio Output Slot 1" name_on_component="Stereo Out 2">
<audio_media type="rca_stereo">
<connection>
<peer_io user_defined_name="Existing Amplifier" name_on_component="ZONE 2 L R">
<audio_media type="rca_stereo"/>
</peer_io>
</connection>
</audio_media>
</output>
<output model="Audio Output Module Sys2-R2" slot="Audio Output Slot 1" name_on_component="Stereo Out 11">
<audio_media type="rca_stereo">
<connection>
<peer_io user_defined_name="Living Sub Amp" name_on_component="Unbalanced Stereo In">
<audio_media type="rca_stereo"/>
</peer_io>
</connection>
</audio_media>
</output>
<output model="Audio Output Module Sys2-R2" slot="Audio Output Slot 1" name_on_component="Stereo Out 3">
<audio_media type="rca_stereo">
<connection>
<peer_io user_defined_name="Existing Amplifier" name_on_component="ZONE 3 L R">
<audio_media type="rca_stereo"/>
</peer_io>
</connection>
</audio_media>
</output>
<output model="Audio Output Module Sys2-R2" slot="Audio Output Slot 1" name_on_component="Stereo Out 4">
<audio_media type="rca_stereo">
<connection>
<peer_io user_defined_name="Existing Amplifier" name_on_component="ZONE 4 L R">
<audio_media type="rca_stereo"/>
</peer_io>
</connection>
</audio_media>
</output>
<output model="Audio Output Module Sys2-R2" slot="Audio Output Slot 1" name_on_component="Stereo Out 5">
<audio_media type="rca_stereo">
<connection>
<peer_io user_defined_name="Existing Amplifier" name_on_component="ZONE 5 L R">
<audio_media type="rca_stereo"/>
</peer_io>
</connection>
</audio_media>
</output>
<output model="Audio Output Module Sys2-R2" slot="Audio Output Slot 1" name_on_component="Stereo Out 6">
<audio_media type="rca_stereo">
<connection>
<peer_io user_defined_name="Media AVR" name_on_component="TV/CD IN">
<audio_media type="rca_stereo"/>
</peer_io>
</connection>
</audio_media>
</output>
<output model="Audio Output Module Sys2-R2" slot="Audio Output Slot 1" name_on_component="Stereo Out 7">
<audio_media type="rca_stereo">
<connection>
<peer_io user_defined_name="Master Bed AVR" name_on_component="TV/CD IN">
<audio_media type="rca_stereo"/>
</peer_io>
</connection>
</audio_media>
</output>
<data name_on_component="Ethernet">
<data_media type="ethernet">
<connection>
<peer_io user_defined_name="_Network" model="10/100 Ethernet 8 Port Bank" slot="4" name_on_component="Ethernet Port 1">
<data_media type="ethernet"/>
</peer_io>
</connection>
</data_media>
</data>
</component>
<component user_defined_name="Master Bed Display">
<input name_on_component="HDMI IN 1">
<video_media type="hdmi">
<connection>
<peer_io user_defined_name="Master Bed HRX" name_on_component="HDMI Out">
<video_media type="hdmi"/>
</peer_io>
</connection>
</video_media>
</input>
<input name_on_component="HDMI IN 1">
<audio_media type="hdmi_audio">
<connection>
<peer_io user_defined_name="Master Bed HRX" name_on_component="HDMI Out">
<audio_media type="hdmi_audio"/>
</peer_io>
</connection>
</audio_media>
</input>
<control>
<ir_control name_on_component="IR">
<master_controller_port name="IR(Serial PWM) Output 6" master_name="Controller 1"/>
</ir_control>
</control>
</component>
<component user_defined_name="Media Server">
<output name_on_component="MAIN">
<audio_media type="coaxial_digital">
<connection>
<peer_io user_defined_name="Audio Matrix" model="Audio Support Module" slot="Video Output Slot 1" name_on_component="Digital Audio In 1">
<audio_media type="optical_digital"/>
</peer_io>
</connection>
</audio_media>
</output>
<output name_on_component="PLAYER A">
<audio_media type="rca_stereo">
<connection>
<peer_io user_defined_name="Audio Matrix" model="Audio Input Module Sys2-R2" slot="Audio Input Slot 1" name_on_component="Stereo In 4">
<audio_media type="rca_stereo"/>
</peer_io>
</connection>
</audio_media>
</output>
<control>
<ip_control address="192.168.2.37" port="5004" name_on_component="Ethernet">
<master_controller_port name="Ethernet" master_name="Busey System Host"/>
</ip_control>
</control>
</component>
<component user_defined_name="Lighting Controller">
<control>
<ip_control address="192.168.2.153" port="23" name_on_component="Ethernet">
<master_controller_port name="Ethernet" master_name="Busey System Host"/>
</ip_control>
</control>
</component>
<component user_defined_name="Playstation Right">
<output name_on_component="HDMI OUT">
<video_media type="hdmi">
<connection>
<peer_io user_defined_name="Office Bottom Display" name_on_component="HDMI/DVI IN 2">
<video_media type="hdmi"/>
</peer_io>
</connection>
</video_media>
</output>
<output name_on_component="HDMI OUT">
<audio_media type="hdmi_audio">
<connection>
<peer_io user_defined_name="Office Bottom Display" name_on_component="HDMI/DVI IN 2">
<audio_media type="hdmi_audio"/>
</peer_io>
</connection>
</audio_media>
</output>
</component>
<component user_defined_name="Office Speakers">
<input model="StandardWire" slot="Connector" name_on_component="StandardWire">
<audio_media type="speakers_stereo">
<connection>
<peer_io user_defined_name="Existing Amplifier" name_on_component="ZONE 1 + Left - - Right +">
<audio_media type="speakers_stereo"/>
</peer_io>
</connection>
</audio_media>
</input>
</component>
<component user_defined_name="Media Left Display">
<input name_on_component="HDMI IN 1">
<video_media type="hdmi">
<connection>
<peer_io user_defined_name="Media HRX" name_on_component="HDMI Out">
<video_media type="hdmi"/>
</peer_io>
</connection>
</video_media>
</input>
<input name_on_component="HDMI IN 1">
<audio_media type="hdmi_audio">
<connection>
<peer_io user_defined_name="Media HRX" name_on_component="HDMI Out">
<audio_media type="hdmi_audio"/>
</peer_io>
</connection>
</audio_media>
</input>
<control>
<rs232_control baud_rate="9600" name_on_component="EX-Link">
<master_controller_port name="RS-232/422/485 3" master_name="Controller 1"/>
</rs232_control>
</control>
</component>
<component user_defined_name="Dining Speakers">
<input model="StandardWire" slot="Connector" name_on_component="StandardWire">
<audio_media type="speakers_stereo">
<connection>
<peer_io user_defined_name="Existing Amplifier" name_on_component="ZONE 5 + Left - - Right +">
<audio_media type="speakers_stereo"/>
</peer_io>
</connection>
</audio_media>
</input>
</component>
<component user_defined_name="Surveillance System">
<output name_on_component="HDMI">
<video_media type="hdmi">
<connection>
<peer_io user_defined_name="Video Matrix" name_on_component="HDMI Input 8">
<video_media type="hdmi"/>
</peer_io>
</connection>
</video_media>
</output>
<output name_on_component="HDMI">
<audio_media type="hdmi_audio">
<connection>
<peer_io user_defined_name="Video Matrix" name_on_component="HDMI Input 8">
<audio_media type="hdmi_audio"/>
</peer_io>
</connection>
</audio_media>
</output>
<control>
<ip_control address="" port="80" name_on_component="NET">
<master_controller_port name="Ethernet" master_name="Busey System Host"/>
</ip_control>
</control>
</component>
<component user_defined_name="Master Bed HRX">
<input name_on_component="Link">
<video_media type="link">
<connection>
<peer_io user_defined_name="Video Matrix" name_on_component="Output 6">
<video_media type="link"/>
</peer_io>
</connection>
</video_media>
</input>
<input name_on_component="Link">
<audio_media type="link_audio">
<connection>
<peer_io user_defined_name="Video Matrix" name_on_component="Output 6">
<audio_media type="link_audio"/>
</peer_io>
</connection>
</audio_media>
</input>
<output name_on_component="HDMI Out">
<video_media type="hdmi">
<connection>
<peer_io user_defined_name="Master Bed Display" name_on_component="HDMI IN 1">
<video_media type="hdmi"/>
</peer_io>
</connection>
</video_media>
</output>
<output name_on_component="HDMI Out">
<audio_media type="hdmi_audio">
<connection>
<peer_io user_defined_name="Master Bed Display" name_on_component="HDMI IN 1">
<audio_media type="hdmi_audio"/>
</peer_io>
</connection>
</audio_media>
</output>
</component>
<component user_defined_name="Signal Source">
<output name_on_component="Digital Cable TV Coaxial 1">
<signal type="digital_tv_coaxial">
<connection>
<peer_io user_defined_name="Uverse 1" name_on_component="TO WALL(VIDEO IN)">
<signal type="digital_tv_coaxial"/>
</peer_io>
</connection>
</signal>
</output>
<output name_on_component="Digital Cable TV Coaxial 2">
<signal type="digital_tv_coaxial">
<connection>
<peer_io user_defined_name="Uverse 2" name_on_component="TO WALL(VIDEO IN)">
<signal type="digital_tv_coaxial"/>
</peer_io>
</connection>
</signal>
</output>
</component>
<component user_defined_name="Controller 1">
<data name_on_component="Ethernet">
<data_media type="ethernet">
<connection>
<peer_io user_defined_name="_Network" model="10/100 Ethernet 8 Port Bank" slot="2" name_on_component="Ethernet Port 1">
<data_media type="ethernet"/>
</peer_io>
</connection>
</data_media>
</data>
</component>
<component user_defined_name="Office Sub Amp">
<input name_on_component="Unbalanced Stereo In">
<audio_media type="rca_stereo">
<connection>
<peer_io user_defined_name="Audio Matrix" model="Audio Output Module Sys2-R2" slot="Audio Output Slot 1" name_on_component="Stereo Out 10">
<audio_media type="rca_stereo"/>
</peer_io>
</connection>
</audio_media>
</input>
<control>
<trigger_control name_on_component="Trigger">
<master_controller_port name="GPIO 1" master_name="Audio Matrix"/>
</trigger_control>
</control>
</component>
<component user_defined_name="Living Display">
<input name_on_component="HDMI IN 1">
<video_media type="hdmi">
<connection>
<peer_io user_defined_name="Living HRX" name_on_component="HDMI Out">
<video_media type="hdmi"/>
</peer_io>
</connection>
</video_media>
</input>
<input name_on_component="HDMI IN 1">
<audio_media type="hdmi_audio">
<connection>
<peer_io user_defined_name="Living HRX" name_on_component="HDMI Out">
<audio_media type="hdmi_audio"/>
</peer_io>
</connection>
</audio_media>
</input>
<control>
<ir_control name_on_component="IR">
<master_controller_port name="IR(Serial PWM) Output 3" master_name="Controller 1"/>
</ir_control>
</control>
</component>
<component user_defined_name="Media HRX">
<input name_on_component="Link">
<video_media type="link">
<connection>
<peer_io user_defined_name="Video Matrix" name_on_component="Output 5">
<video_media type="link"/>
</peer_io>
</connection>
</video_media>
</input>
<input name_on_component="Link">
<audio_media type="link_audio">
<connection>
<peer_io user_defined_name="Video Matrix" name_on_component="Output 5">
<audio_media type="link_audio"/>
</peer_io>
</connection>
</audio_media>
</input>
<output name_on_component="HDMI Out">
<video_media type="hdmi">
<connection>
<peer_io user_defined_name="Media Left Display" name_on_component="HDMI IN 1">
<video_media type="hdmi"/>
</peer_io>
</connection>
</video_media>
</output>
<output name_on_component="HDMI Out">
<audio_media type="hdmi_audio">
<connection>
<peer_io user_defined_name="Media Left Display" name_on_component="HDMI IN 1">
<audio_media type="hdmi_audio"/>
</peer_io>
</connection>
</audio_media>
</output>
</component>
<component user_defined_name="Xbox">
<output name_on_component="HDMI OUT">
<video_media type="hdmi">
<connection>
<peer_io user_defined_name="Office Bottom Display" name_on_component="HDMI/DVI IN 4(MHL)">
<video_media type="hdmi"/>
</peer_io>
</connection>
</video_media>
</output>
<output name_on_component="HDMI OUT">
<audio_media type="hdmi_audio">
<connection>
<peer_io user_defined_name="Office Bottom Display" name_on_component="HDMI/DVI IN 4(MHL)">
<audio_media type="hdmi_audio"/>
</peer_io>
</connection>
</audio_media>
</output>
</component>
</connection_definitions>
