<?xml version="1.0" encoding="UTF-8"?>
<zone_config xmlns:xsi="http://www.w3.org/2001/XMLSchema-instance" xsi:noNamespaceSchemaLocation="zoneConfig.xsd" minimum_engine_version="2">
<zone_master manufacturer="Savant" model="Linux Smart Host 2" zone_master_name="Busey System Host" always_on="false" power_on_only="false" telephony_on="false" global_call_server_on="false" telephony_dont_show_on="false" telephony_show_all_on="false" telephony_registration_on="false" telephony_bonjour_connection_on="false" telephony_endpoint_call_acceptance_on="false" chassis_id="C03FD568B7000000" telephony_endpoint_call_acceptance_delay="1.5" device_class="RacePointMedia_host">
<exclude_resource resource_type="ENV_LIGHTINGCONTROLLER_SOURCE"/>
</zone_master>
<zone name="Scenes" type="user" isLocked="false" isTransparent="false" audio_source_preference="None">
<zone_master manufacturer="Savant" model="Linux Smart Host 2" logical_component_name="" zone_master_name="Busey System Host" device_class="RacePointMedia_host"/>
</zone>
<zone name="Office" type="user" isLocked="false" isTransparent="false" audio_source_preference="None" enable_independent_simultaneous_services="true">
<zone_master manufacturer="Savant" model="Linux Smart Host 2" logical_component_name="" zone_master_name="Busey System Host" device_class="RacePointMedia_host"/>
<component_list>
<component manufacturer="Generic" model="StereoSpeakers" user_defined_name="Office Speakers" isShared="false" device_class="Stereo_speaker_system" always_on="false" power_on_only="false" telephony_on="false" global_call_server_on="false" telephony_dont_show_on="false" telephony_show_all_on="false" telephony_registration_on="true" telephony_bonjour_connection_on="true" telephony_endpoint_call_acceptance_on="false">
<module_config>
<module model="StandardWire" slot="Connector"/>
</module_config>
<logical_io_assign logical_name="SpeakerInput">
<io model="StandardWire" slot="Connector" name_on_component="StandardWire"/>
</logical_io_assign>
</component>
<component manufacturer="Savant" model="HRX-SLN501" user_defined_name="Office 1 HRX" isShared="false" device_class="RacePointMedia_AV_switchprocessor" always_on="false" power_on_only="false" telephony_on="false" global_call_server_on="false" telephony_dont_show_on="false" telephony_show_all_on="false" telephony_registration_on="true" telephony_bonjour_connection_on="true" telephony_endpoint_call_acceptance_on="false"/>
<component manufacturer="Generic" model="PowerAmplifier" user_defined_name="Office Sub Amp" isShared="false" device_class="Amplifier" always_on="false" power_on_only="false" telephony_on="false" global_call_server_on="false" telephony_dont_show_on="false" telephony_show_all_on="false" telephony_registration_on="true" telephony_bonjour_connection_on="true" telephony_endpoint_call_acceptance_on="false"/>
<component manufacturer="Savant" model="HRX-SLN501" user_defined_name="Office 2 HRX" isShared="false" device_class="RacePointMedia_AV_switchprocessor" always_on="false" power_on_only="false" telephony_on="false" global_call_server_on="false" telephony_dont_show_on="false" telephony_show_all_on="false" telephony_registration_on="true" telephony_bonjour_connection_on="true" telephony_endpoint_call_acceptance_on="false"/>
<component manufacturer="LG" model="55EA8800" user_defined_name="Office Bottom Display" isShared="false" device_class="HD_monitor" always_on="false" always_switch_input="true" power_on_only="false" telephony_on="false" global_call_server_on="false" telephony_dont_show_on="false" telephony_show_all_on="false" telephony_registration_on="true" telephony_bonjour_connection_on="true" telephony_endpoint_call_acceptance_on="false" telephony_endpoint_call_acceptance_delay="1.5" itmp_start_menu="defaultRoot">
<state_variable name="Volume_current_volume" initial_value="0" min_value="0" max_value="60"/>
<exclude_resource resource_type="AV_EXTERNALMEDIASERVER_SOURCE"/>
</component>
<component manufacturer="Sony" model="XBR-65X900A" user_defined_name="Office Top Dispay" isShared="false" device_class="HD_monitor" always_on="false" power_on_only="false" telephony_on="false" global_call_server_on="false" telephony_dont_show_on="false" telephony_show_all_on="false" telephony_registration_on="true" telephony_bonjour_connection_on="true" telephony_endpoint_call_acceptance_on="false" telephony_endpoint_call_acceptance_delay="1.5" itmp_start_menu="defaultRoot">
<module_config>
<module model="FMP-X1 4K Media Player" slot="Media Player Slot"/>
</module_config>
<logical_io_assign logical_name="FMP-X1 (HDMI4)">
<io model="FMP-X1 4K Media Player" slot="Media Player Slot" name_on_component="HDMI 1 (For Audio Video)"/>
</logical_io_assign>
<logical_io_assign logical_name="FMP-X1 (Audio Out)">
<io model="FMP-X1 4K Media Player" slot="Media Player Slot" name_on_component="HDMI 2 OUT (For Audio)"/>
</logical_io_assign>
<state_variable name="Volume_current_volume" initial_value="0" min_value="0" max_value="50"/>
<exclude_resource resource_type="AV_TV_SOURCE"/>
<exclude_resource resource_type="AV_EXTERNALMEDIASERVER_SOURCE"/>
<exclude_resource resource_type="AV_VOLUMECONTROL_FUNCTION"/>
<exclude_resource resource_type="AV_AMPLIFIER_FUNCTION"/>
<exclude_resource resource_type="AV_STEREOSPEAKERS_SINK"/>
</component>
<component manufacturer="Sony" model="PlayStation 4" user_defined_name="Playstation Left" isShared="false" device_class="Game_console" always_on="false" power_on_only="false" telephony_on="false" global_call_server_on="false" telephony_dont_show_on="false" telephony_show_all_on="false" telephony_registration_on="true" telephony_bonjour_connection_on="true" telephony_endpoint_call_acceptance_on="false"/>
<component manufacturer="Sony" model="PlayStation 4" user_defined_name="Playstation Right" isShared="false" device_class="Game_console" always_on="false" power_on_only="false" telephony_on="false" global_call_server_on="false" telephony_dont_show_on="false" telephony_show_all_on="false" telephony_registration_on="true" telephony_bonjour_connection_on="true" telephony_endpoint_call_acceptance_on="false"/>
<component manufacturer="Microsoft" model="Xbox One" user_defined_name="Xbox" isShared="false" device_class="Game_console" always_on="false" power_on_only="false" telephony_on="false" global_call_server_on="false" telephony_dont_show_on="false" telephony_show_all_on="false" telephony_registration_on="true" telephony_bonjour_connection_on="true" telephony_endpoint_call_acceptance_on="false">
<state_variable name="Volume_current_volume_Game Console" initial_value="0" min_value="0" max_value="100"/>
<exclude_resource resource_type="AV_ENHANCEDDVD_SOURCE"/>
<exclude_resource resource_type="AV_VOLUMECONTROL_FUNCTION"/>
<exclude_resource resource_type="AV_EXTERNALMEDIASERVER_SOURCE"/>
</component>
</component_list>
</zone>
<zone name="Master Bedroom" type="user" isLocked="false" isTransparent="false" audio_source_preference="None">
<zone_master manufacturer="Savant" model="Linux Smart Host 2" logical_component_name="" zone_master_name="Busey System Host" device_class="RacePointMedia_host"/>
<component_list>
<component manufacturer="Savant" model="HRX-SLN501" user_defined_name="Master Bed HRX" isShared="false" device_class="RacePointMedia_AV_switchprocessor" always_on="false" power_on_only="false" telephony_on="false" global_call_server_on="false" telephony_dont_show_on="false" telephony_show_all_on="false" telephony_registration_on="true" telephony_bonjour_connection_on="true" telephony_endpoint_call_acceptance_on="false"/>
<component manufacturer="Samsung" model="UN48H6350" user_defined_name="Master Bed Display" isShared="false" device_class="HD_monitor" always_on="false" power_on_only="false" telephony_on="false" global_call_server_on="false" telephony_dont_show_on="false" telephony_show_all_on="false" telephony_registration_on="true" telephony_bonjour_connection_on="true" telephony_endpoint_call_acceptance_on="false">
<state_variable name="Volume_current_volume" initial_value="0" min_value="0" max_value="50"/>
<exclude_resource resource_type="AV_STEREOSPEAKERS_SINK"/>
<exclude_resource resource_type="AV_EXTERNALMEDIASERVER_SOURCE"/>
<exclude_resource resource_type="AV_VOLUMECONTROL_FUNCTION"/>
<exclude_resource resource_type="AV_AMPLIFIER_FUNCTION"/>
<exclude_resource resource_type="AV_TV_SOURCE"/>
</component>
<component manufacturer="Integra" model="DTR-30.2" user_defined_name="Master Bed AVR" isShared="false" device_class="Receiver" always_on="false" power_on_only="false" telephony_on="false" global_call_server_on="false" telephony_dont_show_on="false" telephony_show_all_on="false" telephony_registration_on="true" telephony_bonjour_connection_on="true" telephony_endpoint_call_acceptance_on="false" telephony_endpoint_call_acceptance_delay="1.5" itmp_start_menu="defaultRoot">
<logical_io_assign logical_name="BD/DVD">
<io name_on_component="BD/DVD IN"/>
<io name_on_component="COMPONENT VIDEO IN 1(BD/DVD)"/>
<io name_on_component="DIGITAL IN COAXIAL 1 (BD/DVD)"/>
<io name_on_component="HDMI IN 1(BD/DVD)"/>
</logical_io_assign>
<logical_io_assign logical_name="CBL/SAT">
<io name_on_component="CBL/SAT IN"/>
<io name_on_component="DIGITAL IN COAXIAL 2 (CBL/SAT)"/>
<io name_on_component="HDMI IN 3(CBL/SAT)"/>
<io name_on_component="COMPONENT VIDEO IN 2(CBL/SAT)"/>
</logical_io_assign>
<logical_io_assign logical_name="GAME">
<io name_on_component="GAME IN"/>
<io name_on_component="DIGITAL IN OPTICAL 1 (GAME)"/>
<io name_on_component="HDMI IN 4(GAME)"/>
</logical_io_assign>
<logical_io_assign logical_name="VCR/DVR">
<io name_on_component="VCR/DVR IN"/>
<io name_on_component="HDMI IN 2(VCR/DVR)"/>
</logical_io_assign>
<logical_io_assign logical_name="PC">
<io name_on_component="PC IN (L R)"/>
<io name_on_component="PC IN (VGA)"/>
<io name_on_component="HDMI IN 5(PC)"/>
</logical_io_assign>
<logical_io_assign logical_name="TV/CD">
<io name_on_component="DIGITAL IN OPTICAL 2 (TV/CD)"/>
<io name_on_component="TV/CD IN"/>
</logical_io_assign>
<logical_io_assign logical_name="AUX">
<io name_on_component="AUX Input(front)"/>
<io name_on_component="AUX Input HDMI"/>
</logical_io_assign>
<logical_io_assign logical_name="PORT">
<io name_on_component="UNIVERSAL PORT"/>
</logical_io_assign>
<state_variable name="Volume_Current_Volume_MainZone" initial_value="0" min_value="0" max_value="100"/>
<state_variable name="Volume_Current_Volume_Zone2" initial_value="0" min_value="0" max_value="100"/>
<state_variable name="Volume_Current_Volume_Zone3" initial_value="0" min_value="0" max_value="100"/>
<exclude_resource resource_type="AV_AMRADIO_SOURCE"/>
<exclude_resource resource_type="AV_FMRADIO_SOURCE"/>
<exclude_resource resource_type="AV_SATELLITERADIO_SOURCE"/>
</component>
<component manufacturer="Generic" model="SurroundSpeakers" user_defined_name="Master Bed WH Speakers" isShared="false" device_class="Surround_speaker_system" always_on="false" power_on_only="false" telephony_on="false" global_call_server_on="false" telephony_dont_show_on="false" telephony_show_all_on="false" telephony_registration_on="true" telephony_bonjour_connection_on="true" telephony_endpoint_call_acceptance_on="false" telephony_endpoint_call_acceptance_delay="1.5" itmp_start_menu="defaultRoot">
<module_config>
<module model="5.1StandardWire" slot="Connector"/>
</module_config>
<logical_io_assign logical_name="SpeakerInput">
<io model="5.1StandardWire" slot="Connector" name_on_component="5.1StandardWire"/>
</logical_io_assign>
</component>
</component_list>
</zone>
<zone name="Living Room" type="user" isLocked="false" isTransparent="false" audio_source_preference="None">
<zone_master manufacturer="Savant" model="Linux Smart Host 2" logical_component_name="" zone_master_name="Busey System Host" device_class="RacePointMedia_host"/>
<component_list>
<component manufacturer="Generic" model="StereoSpeakers" user_defined_name="Living Speakers" isShared="false" device_class="Stereo_speaker_system" always_on="false" power_on_only="false" telephony_on="false" global_call_server_on="false" telephony_dont_show_on="false" telephony_show_all_on="false" telephony_registration_on="true" telephony_bonjour_connection_on="true" telephony_endpoint_call_acceptance_on="false">
<module_config>
<module model="StandardWire" slot="Connector"/>
</module_config>
<logical_io_assign logical_name="SpeakerInput">
<io model="StandardWire" slot="Connector" name_on_component="StandardWire"/>
</logical_io_assign>
</component>
<component manufacturer="Savant" model="HRX-SLN501" user_defined_name="Living HRX" isShared="false" device_class="RacePointMedia_AV_switchprocessor" always_on="false" power_on_only="false" telephony_on="false" global_call_server_on="false" telephony_dont_show_on="false" telephony_show_all_on="false" telephony_registration_on="true" telephony_bonjour_connection_on="true" telephony_endpoint_call_acceptance_on="false"/>
<component manufacturer="Samsung" model="UN48H6350" user_defined_name="Living Display" isShared="false" device_class="HD_monitor" always_on="false" power_on_only="false" telephony_on="false" global_call_server_on="false" telephony_dont_show_on="false" telephony_show_all_on="false" telephony_registration_on="true" telephony_bonjour_connection_on="true" telephony_endpoint_call_acceptance_on="false">
<state_variable name="Volume_current_volume" initial_value="0" min_value="0" max_value="50"/>
<exclude_resource resource_type="AV_STEREOSPEAKERS_SINK"/>
<exclude_resource resource_type="AV_EXTERNALMEDIASERVER_SOURCE"/>
<exclude_resource resource_type="AV_VOLUMECONTROL_FUNCTION"/>
<exclude_resource resource_type="AV_AMPLIFIER_FUNCTION"/>
<exclude_resource resource_type="AV_TV_SOURCE"/>
</component>
<component manufacturer="Generic" model="PowerAmplifier" user_defined_name="Living Sub Amp" isShared="false" device_class="Amplifier" always_on="false" power_on_only="false" telephony_on="false" global_call_server_on="false" telephony_dont_show_on="false" telephony_show_all_on="false" telephony_registration_on="true" telephony_bonjour_connection_on="true" telephony_endpoint_call_acceptance_on="false"/>
</component_list>
</zone>
<zone name="Master Bathroom" type="user" isLocked="false" isTransparent="false" audio_source_preference="None">
<zone_master manufacturer="Savant" model="Linux Smart Host 2" logical_component_name="" zone_master_name="Busey System Host" device_class="RacePointMedia_host"/>
<component_list>
<component manufacturer="Generic" model="StereoSpeakers" user_defined_name="Master Bathroom Speakers" isShared="false" device_class="Stereo_speaker_system" always_on="false" power_on_only="false" telephony_on="false" global_call_server_on="false" telephony_dont_show_on="false" telephony_show_all_on="false" telephony_registration_on="true" telephony_bonjour_connection_on="true" telephony_endpoint_call_acceptance_on="false">
<module_config>
<module model="StandardWire" slot="Connector"/>
</module_config>
<logical_io_assign logical_name="SpeakerInput">
<io model="StandardWire" slot="Connector" name_on_component="StandardWire"/>
</logical_io_assign>
</component>
</component_list>
</zone>
<zone name="Kitchen" type="user" isLocked="false" isTransparent="false" audio_source_preference="None">
<zone_master manufacturer="Savant" model="Linux Smart Host 2" logical_component_name="" zone_master_name="Busey System Host" device_class="RacePointMedia_host"/>
<component_list>
<component manufacturer="Generic" model="StereoSpeakers" user_defined_name="Kitchen Speakers" isShared="false" device_class="Stereo_speaker_system" always_on="false" power_on_only="false" telephony_on="false" global_call_server_on="false" telephony_dont_show_on="false" telephony_show_all_on="false" telephony_registration_on="true" telephony_bonjour_connection_on="true" telephony_endpoint_call_acceptance_on="false">
<module_config>
<module model="StandardWire" slot="Connector"/>
</module_config>
<logical_io_assign logical_name="SpeakerInput">
<io model="StandardWire" slot="Connector" name_on_component="StandardWire"/>
</logical_io_assign>
</component>
<component manufacturer="Savant" model="HRX-SLN501" user_defined_name="Kitchen HRX" isShared="false" device_class="RacePointMedia_AV_switchprocessor" always_on="false" power_on_only="false" telephony_on="false" global_call_server_on="false" telephony_dont_show_on="false" telephony_show_all_on="false" telephony_registration_on="true" telephony_bonjour_connection_on="true" telephony_endpoint_call_acceptance_on="false"/>
<component manufacturer="Samsung" model="UN48H6350" user_defined_name="Kitchen Display" isShared="false" device_class="HD_monitor" always_on="false" power_on_only="false" telephony_on="false" global_call_server_on="false" telephony_dont_show_on="false" telephony_show_all_on="false" telephony_registration_on="true" telephony_bonjour_connection_on="true" telephony_endpoint_call_acceptance_on="false">
<state_variable name="Volume_current_volume" initial_value="0" min_value="0" max_value="50"/>
<exclude_resource resource_type="AV_STEREOSPEAKERS_SINK"/>
<exclude_resource resource_type="AV_EXTERNALMEDIASERVER_SOURCE"/>
<exclude_resource resource_type="AV_VOLUMECONTROL_FUNCTION"/>
<exclude_resource resource_type="AV_AMPLIFIER_FUNCTION"/>
<exclude_resource resource_type="AV_TV_SOURCE"/>
</component>
</component_list>
</zone>
<zone name="Dining Room" type="user" isLocked="false" isTransparent="false" audio_source_preference="None">
<zone_master manufacturer="Savant" model="Linux Smart Host 2" logical_component_name="" zone_master_name="Busey System Host" device_class="RacePointMedia_host"/>
<component_list>
<component manufacturer="Generic" model="StereoSpeakers" user_defined_name="Dining Speakers" isShared="false" device_class="Stereo_speaker_system" always_on="false" power_on_only="false" telephony_on="false" global_call_server_on="false" telephony_dont_show_on="false" telephony_show_all_on="false" telephony_registration_on="true" telephony_bonjour_connection_on="true" telephony_endpoint_call_acceptance_on="false">
<module_config>
<module model="StandardWire" slot="Connector"/>
</module_config>
<logical_io_assign logical_name="SpeakerInput">
<io model="StandardWire" slot="Connector" name_on_component="StandardWire"/>
</logical_io_assign>
</component>
</component_list>
</zone>
<zone name="Media Room" type="user" isLocked="false" isTransparent="false" audio_source_preference="None" enable_independent_simultaneous_services="true">
<zone_master manufacturer="Savant" model="Linux Smart Host 2" logical_component_name="" zone_master_name="Busey System Host" device_class="RacePointMedia_host"/>
<component_list>
<component manufacturer="Integra" model="DTR-40.2" user_defined_name="Media AVR" isShared="false" device_class="Receiver" always_on="false" power_on_only="false" telephony_on="false" global_call_server_on="false" telephony_dont_show_on="false" telephony_show_all_on="false" telephony_registration_on="true" telephony_bonjour_connection_on="true" telephony_endpoint_call_acceptance_on="false" telephony_endpoint_call_acceptance_delay="1.5" itmp_start_menu="defaultRoot">
<logical_io_assign logical_name="DVD/BD">
<io name_on_component="DVD/BD IN"/>
<io name_on_component="COMPONENT VIDEO IN 1(DVD/BD)"/>
<io name_on_component="DIGITAL IN COAXIAL 1 (DVD/BD)"/>
<io name_on_component="HDMI IN 1(DVD/BD)"/>
</logical_io_assign>
<logical_io_assign logical_name="PHONO">
<io name_on_component="PHONO IN"/>
</logical_io_assign>
<logical_io_assign logical_name="CBL/SAT">
<io name_on_component="CBL/SAT IN"/>
<io name_on_component="DIGITAL IN COAXIAL 3 (CBL/SAT)"/>
<io name_on_component="COMPONENT VIDEO IN 2(CBL/SAT)"/>
<io name_on_component="HDMI IN 3(CBL/SAT)"/>
</logical_io_assign>
<logical_io_assign logical_name="GAME">
<io name_on_component="GAME IN"/>
<io name_on_component="DIGITAL IN OPTICAL 1 (GAME)"/>
<io name_on_component="COMPONENT VIDEO IN 3(GAME)"/>
<io name_on_component="HDMI IN 4(GAME)"/>
</logical_io_assign>
<logical_io_assign logical_name="VCR/DVR">
<io name_on_component="VCR/DVR IN"/>
<io name_on_component="DIGITAL IN COAXIAL 2 (VCR/DVR)"/>
<io name_on_component="HDMI IN 2(VCR/DVR)"/>
</logical_io_assign>
<logical_io_assign logical_name="PC">
<io name_on_component="PC"/>
<io name_on_component="PC IN"/>
</logical_io_assign>
<logical_io_assign logical_name="TV/CD">
<io name_on_component="TV/CD IN"/>
<io name_on_component="DIGITAL IN OPTICAL 2 (TV/CD)"/>
</logical_io_assign>
<logical_io_assign logical_name="AUX">
<io name_on_component="AUX Input (front)"/>
<io name_on_component="AUX Input HDMI"/>
</logical_io_assign>
<logical_io_assign logical_name="PORT">
<io name_on_component="UNIVERSAL PORT"/>
</logical_io_assign>
<state_variable name="Volume_Current_Volume_MainZone" initial_value="0" min_value="0" max_value="100"/>
<state_variable name="Volume_Current_Volume_Zone2" initial_value="0" min_value="0" max_value="100"/>
<state_variable name="Volume_Current_Volume_Zone3" initial_value="0" min_value="0" max_value="100"/>
<exclude_resource resource_type="AV_AMRADIO_SOURCE"/>
<exclude_resource resource_type="AV_EXTERNALMEDIASERVER_SOURCE"/>
<exclude_resource resource_type="AV_FMRADIO_SOURCE"/>
<exclude_resource resource_type="AV_SATELLITERADIO_SOURCE"/>
</component>
<component manufacturer="Samsung" model="UN48H6350" user_defined_name="Media Main Display" isShared="false" device_class="HD_monitor" always_on="false" power_on_only="false" telephony_on="false" global_call_server_on="false" telephony_dont_show_on="false" telephony_show_all_on="false" telephony_registration_on="true" telephony_bonjour_connection_on="true" telephony_endpoint_call_acceptance_on="false">
<state_variable name="Volume_current_volume" initial_value="0" min_value="0" max_value="50"/>
<exclude_resource resource_type="AV_STEREOSPEAKERS_SINK"/>
<exclude_resource resource_type="AV_EXTERNALMEDIASERVER_SOURCE"/>
<exclude_resource resource_type="AV_VOLUMECONTROL_FUNCTION"/>
<exclude_resource resource_type="AV_AMPLIFIER_FUNCTION"/>
<exclude_resource resource_type="AV_TV_SOURCE"/>
</component>
<component manufacturer="Generic" model="SurroundSpeakers" user_defined_name="Media Speakers" isShared="false" device_class="Surround_speaker_system" always_on="false" power_on_only="false" telephony_on="false" global_call_server_on="false" telephony_dont_show_on="false" telephony_show_all_on="false" telephony_registration_on="true" telephony_bonjour_connection_on="true" telephony_endpoint_call_acceptance_on="false" telephony_endpoint_call_acceptance_delay="1.5" itmp_start_menu="defaultRoot">
<module_config>
<module model="5.1StandardWire" slot="Connector"/>
</module_config>
<logical_io_assign logical_name="SpeakerInput">
<io model="5.1StandardWire" slot="Connector" name_on_component="5.1StandardWire"/>
</logical_io_assign>
</component>
<component manufacturer="Samsung" model="UN48H6350" user_defined_name="Media Left Display" isShared="false" device_class="HD_monitor" always_on="false" power_on_only="false" telephony_on="false" global_call_server_on="false" telephony_dont_show_on="false" telephony_show_all_on="false" telephony_registration_on="true" telephony_bonjour_connection_on="true" telephony_endpoint_call_acceptance_on="false">
<state_variable name="Volume_current_volume" initial_value="0" min_value="0" max_value="50"/>
<exclude_resource resource_type="AV_TV_SOURCE"/>
<exclude_resource resource_type="AV_EXTERNALMEDIASERVER_SOURCE"/>
</component>
<component manufacturer="Savant" model="HRX-SLN501" user_defined_name="Media HRX" isShared="false" device_class="RacePointMedia_AV_switchprocessor" always_on="false" power_on_only="false" telephony_on="false" global_call_server_on="false" telephony_dont_show_on="false" telephony_show_all_on="false" telephony_registration_on="true" telephony_bonjour_connection_on="true" telephony_endpoint_call_acceptance_on="false"/>
</component_list>
</zone>
<zone name="[Busey System Host - Resources]" type="resource" isLocked="false" isTransparent="false" audio_source_preference="None">
<zone_master manufacturer="Savant" model="Linux Smart Host 2" logical_component_name="" zone_master_name="Busey System Host" device_class="RacePointMedia_host"/>
<component_list>
<component manufacturer="Savant" model="Linux Smart Host 2" user_defined_name="Busey System Host" isShared="false" device_class="RacePointMedia_host" always_on="false" power_on_only="false" telephony_on="false" global_call_server_on="false" telephony_dont_show_on="false" telephony_show_all_on="false" telephony_registration_on="false" telephony_bonjour_connection_on="false" telephony_endpoint_call_acceptance_on="false" chassis_id="C03FD568B7000000"/>
</component_list>
</zone>
<zone name="Entry" type="user" isLocked="false" isTransparent="false" audio_source_preference="None">
<zone_master manufacturer="Savant" model="Linux Smart Host 2" logical_component_name="" zone_master_name="Busey System Host" device_class="RacePointMedia_host"/>
</zone>
<zone name="Shared Equipment" type="resource" isLocked="false" isTransparent="false" audio_source_preference="None">
<zone_master manufacturer="Savant" model="Linux Smart Host 2" logical_component_name="" zone_master_name="Busey System Host" device_class="RacePointMedia_host"/>
<component_list>
<component manufacturer="Savant" model="SmartAudio SSA-4012" user_defined_name="Audio Matrix" isShared="false" device_class="RacePointMedia_AV_switchprocessor" always_on="false" power_on_only="false" telephony_on="false" global_call_server_on="false" telephony_dont_show_on="false" telephony_show_all_on="false" telephony_registration_on="true" telephony_bonjour_connection_on="true" telephony_endpoint_call_acceptance_on="false" chassis_id="001AAE026C460000" internal_id="smartaudio_v2">
<module_config>
<module model="Audio Output Module Sys2-R2" slot="Audio Output Slot 1" internal_id="aom_12stereo"/>
<module model="Audio Support Module" slot="Video Output Slot 1" internal_id="vom_smartaudio"/>
<module model="Audio Input Module Sys2-R2" slot="Audio Input Slot 1" internal_id="aim_4stereo"/>
</module_config>
<logical_io_assign logical_name="Audio Input 1">
<io model="Audio Input Module Sys2-R2" slot="Audio Input Slot 1" name_on_component="Stereo In 1"/>
</logical_io_assign>
<logical_io_assign logical_name="Audio Input 2">
<io model="Audio Input Module Sys2-R2" slot="Audio Input Slot 1" name_on_component="Stereo In 2"/>
</logical_io_assign>
<logical_io_assign logical_name="Audio Input 3">
<io model="Audio Input Module Sys2-R2" slot="Audio Input Slot 1" name_on_component="Stereo In 3"/>
</logical_io_assign>
<logical_io_assign logical_name="Audio Input 4">
<io model="Audio Input Module Sys2-R2" slot="Audio Input Slot 1" name_on_component="Stereo In 4"/>
</logical_io_assign>
<logical_io_assign logical_name="Audio Input 5">
<io model="Audio Support Module" slot="Video Output Slot 1" name_on_component="Digital Audio In 1"/>
</logical_io_assign>
<logical_io_assign logical_name="Audio Input 6">
<io model="Audio Support Module" slot="Video Output Slot 1" name_on_component="Digital Audio In 2"/>
</logical_io_assign>
<logical_io_assign logical_name="External Host">
<io model="Audio Support Module" slot="Video Output Slot 1" name_on_component="Host HDMI"/>
</logical_io_assign>
<logical_io_assign logical_name="Audio Output 1">
<io model="Audio Output Module Sys2-R2" slot="Audio Output Slot 1" name_on_component="Stereo Out 1"/>
<io model="Audio Output Module Sys2-R2" slot="Audio Output Slot 1" name_on_component="Stereo Out 10"/>
</logical_io_assign>
<logical_io_assign logical_name="Audio Output 2">
<io model="Audio Output Module Sys2-R2" slot="Audio Output Slot 1" name_on_component="Stereo Out 2"/>
<io model="Audio Output Module Sys2-R2" slot="Audio Output Slot 1" name_on_component="Stereo Out 11"/>
</logical_io_assign>
<logical_io_assign logical_name="Audio Output 3">
<io model="Audio Output Module Sys2-R2" slot="Audio Output Slot 1" name_on_component="Stereo Out 3"/>
</logical_io_assign>
<logical_io_assign logical_name="Audio Output 4">
<io model="Audio Output Module Sys2-R2" slot="Audio Output Slot 1" name_on_component="Stereo Out 4"/>
</logical_io_assign>
<logical_io_assign logical_name="Audio Output 5">
<io model="Audio Output Module Sys2-R2" slot="Audio Output Slot 1" name_on_component="Stereo Out 5"/>
</logical_io_assign>
<logical_io_assign logical_name="Audio Output 6">
<io model="Audio Output Module Sys2-R2" slot="Audio Output Slot 1" name_on_component="Stereo Out 6"/>
</logical_io_assign>
<logical_io_assign logical_name="Audio Output 7">
<io model="Audio Output Module Sys2-R2" slot="Audio Output Slot 1" name_on_component="Stereo Out 7"/>
</logical_io_assign>
<logical_io_assign logical_name="Audio Output 8">
<io model="Audio Output Module Sys2-R2" slot="Audio Output Slot 1" name_on_component="Stereo Out 8"/>
</logical_io_assign>
<logical_io_assign logical_name="Audio Output 9">
<io model="Audio Output Module Sys2-R2" slot="Audio Output Slot 1" name_on_component="Stereo Out 9"/>
</logical_io_assign>
<logical_io_assign logical_name="Audio Output 12">
<io model="Audio Output Module Sys2-R2" slot="Audio Output Slot 1" name_on_component="Stereo Out 12"/>
</logical_io_assign>
</component>
<component manufacturer="Savant" model="SLN-88BT" user_defined_name="Video Matrix" isShared="false" device_class="AV_switch" always_on="false" power_on_only="false" telephony_on="false" global_call_server_on="false" telephony_dont_show_on="false" telephony_show_all_on="false" telephony_registration_on="true" telephony_bonjour_connection_on="true" telephony_endpoint_call_acceptance_on="false" chassis_id="001AAE0123F50000" internal_id="external_av">
<logical_io_assign logical_name="HDMI Input 1">
<io name_on_component="HDMI Input 1"/>
</logical_io_assign>
<logical_io_assign logical_name="HDMI Input 2">
<io name_on_component="HDMI Input 2"/>
</logical_io_assign>
<logical_io_assign logical_name="HDMI Input 3">
<io name_on_component="HDMI Input 3"/>
</logical_io_assign>
<logical_io_assign logical_name="HDMI Input 4">
<io name_on_component="HDMI Input 4"/>
</logical_io_assign>
<logical_io_assign logical_name="HDMI Input 5">
<io name_on_component="HDMI Input 5"/>
</logical_io_assign>
<logical_io_assign logical_name="HDMI Input 6">
<io name_on_component="HDMI Input 6"/>
</logical_io_assign>
<logical_io_assign logical_name="HDMI Input 7">
<io name_on_component="HDMI Input 7"/>
</logical_io_assign>
<logical_io_assign logical_name="HDMI Input 8">
<io name_on_component="HDMI Input 8"/>
</logical_io_assign>
<logical_io_assign logical_name="Output 1">
<io name_on_component="Output 1"/>
</logical_io_assign>
<logical_io_assign logical_name="Output 2">
<io name_on_component="Output 2"/>
</logical_io_assign>
<logical_io_assign logical_name="Output 3">
<io name_on_component="Output 3"/>
</logical_io_assign>
<logical_io_assign logical_name="Output 4">
<io name_on_component="Output 4"/>
</logical_io_assign>
<logical_io_assign logical_name="Output 5">
<io name_on_component="Output 5"/>
</logical_io_assign>
<logical_io_assign logical_name="Output 6">
<io name_on_component="Output 6"/>
</logical_io_assign>
<logical_io_assign logical_name="Output 7">
<io name_on_component="Output 7"/>
</logical_io_assign>
<logical_io_assign logical_name="Output 8">
<io name_on_component="Output 8"/>
</logical_io_assign>
</component>
<component manufacturer="Savant" model="SmartControl 25" user_defined_name="Controller 1" isShared="false" device_class="RacePointMedia_control_extender" always_on="false" power_on_only="false" telephony_on="false" global_call_server_on="false" telephony_dont_show_on="false" telephony_show_all_on="false" telephony_registration_on="true" telephony_bonjour_connection_on="true" telephony_endpoint_call_acceptance_on="false" chassis_id="001AAE01BB9E0000" internal_id="smartcontrol25"/>
<component manufacturer="Apple" model="Apple TV (Second Generation)" user_defined_name="Apple TV" isShared="false" device_class="Media_server" always_on="false" power_on_only="false" telephony_on="false" global_call_server_on="false" telephony_dont_show_on="false" telephony_show_all_on="false" telephony_registration_on="true" telephony_bonjour_connection_on="true" telephony_endpoint_call_acceptance_on="false"/>
<component manufacturer="Savant" model="SMS-102A" user_defined_name="Media Server" isShared="false" device_class="Media_server" always_on="false" power_on_only="false" telephony_on="false" global_call_server_on="false" telephony_dont_show_on="false" telephony_show_all_on="false" telephony_registration_on="true" telephony_bonjour_connection_on="true" telephony_endpoint_call_acceptance_on="false">
<state_variable name="Volume_current_volume" initial_value="0" min_value="0" max_value="50"/>
<state_variable name="Volume_current_volume_2" initial_value="0" min_value="0" max_value="50"/>
<exclude_resource resource_type="AV_VOLUMECONTROL_FUNCTION"/>
</component>
<component manufacturer="Savant" model="AMP-2000" user_defined_name="Existing Amplifier" isShared="false" device_class="Amplifier" always_on="false" power_on_only="false" telephony_on="false" global_call_server_on="false" telephony_dont_show_on="false" telephony_show_all_on="false" telephony_registration_on="true" telephony_bonjour_connection_on="true" telephony_endpoint_call_acceptance_on="false" telephony_endpoint_call_acceptance_delay="1.5" itmp_start_menu="defaultRoot"/>
<component manufacturer="Generic" model="NetworkSwitch Large" user_defined_name="_Network" isShared="false" device_class="Network_device" always_on="false" power_on_only="false" telephony_on="false" global_call_server_on="false" telephony_dont_show_on="false" telephony_show_all_on="false" telephony_registration_on="true" telephony_bonjour_connection_on="true" telephony_endpoint_call_acceptance_on="false">
<module_config>
<module model="10/100 Ethernet 8 Port Bank" slot="2"/>
<module model="10/100 Ethernet 8 Port Bank" slot="3"/>
<module model="10/100 Ethernet 8 Port Bank" slot="4"/>
<module model="10/100 Ethernet 8 Port Bank" slot="1"/>
</module_config>
<logical_io_assign logical_name="Port 1">
<io model="10/100 Ethernet 8 Port Bank" slot="1" name_on_component="Ethernet Port 1"/>
</logical_io_assign>
<logical_io_assign logical_name="Port 2">
<io model="10/100 Ethernet 8 Port Bank" slot="1" name_on_component="Ethernet Port 2"/>
</logical_io_assign>
<logical_io_assign logical_name="Port 3">
<io model="10/100 Ethernet 8 Port Bank" slot="1" name_on_component="Ethernet Port 3"/>
</logical_io_assign>
<logical_io_assign logical_name="Port 4">
<io model="10/100 Ethernet 8 Port Bank" slot="1" name_on_component="Ethernet Port 4"/>
</logical_io_assign>
<logical_io_assign logical_name="Port 5">
<io model="10/100 Ethernet 8 Port Bank" slot="1" name_on_component="Ethernet Port 5"/>
</logical_io_assign>
<logical_io_assign logical_name="Port 6">
<io model="10/100 Ethernet 8 Port Bank" slot="1" name_on_component="Ethernet Port 6"/>
</logical_io_assign>
<logical_io_assign logical_name="Port 7">
<io model="10/100 Ethernet 8 Port Bank" slot="1" name_on_component="Ethernet Port 7"/>
</logical_io_assign>
<logical_io_assign logical_name="Port 8">
<io model="10/100 Ethernet 8 Port Bank" slot="1" name_on_component="Ethernet Port 8"/>
</logical_io_assign>
<logical_io_assign logical_name="Port 9">
<io model="10/100 Ethernet 8 Port Bank" slot="2" name_on_component="Ethernet Port 1"/>
</logical_io_assign>
<logical_io_assign logical_name="Port 10">
<io model="10/100 Ethernet 8 Port Bank" slot="2" name_on_component="Ethernet Port 2"/>
</logical_io_assign>
<logical_io_assign logical_name="Port 11">
<io model="10/100 Ethernet 8 Port Bank" slot="2" name_on_component="Ethernet Port 3"/>
</logical_io_assign>
<logical_io_assign logical_name="Port 12">
<io model="10/100 Ethernet 8 Port Bank" slot="2" name_on_component="Ethernet Port 4"/>
</logical_io_assign>
<logical_io_assign logical_name="Port 13">
<io model="10/100 Ethernet 8 Port Bank" slot="2" name_on_component="Ethernet Port 5"/>
</logical_io_assign>
<logical_io_assign logical_name="Port 14">
<io model="10/100 Ethernet 8 Port Bank" slot="2" name_on_component="Ethernet Port 6"/>
</logical_io_assign>
<logical_io_assign logical_name="Port 15">
<io model="10/100 Ethernet 8 Port Bank" slot="2" name_on_component="Ethernet Port 7"/>
</logical_io_assign>
<logical_io_assign logical_name="Port 16">
<io model="10/100 Ethernet 8 Port Bank" slot="2" name_on_component="Ethernet Port 8"/>
</logical_io_assign>
<logical_io_assign logical_name="Port 17">
<io model="10/100 Ethernet 8 Port Bank" slot="3" name_on_component="Ethernet Port 1"/>
</logical_io_assign>
<logical_io_assign logical_name="Port 18">
<io model="10/100 Ethernet 8 Port Bank" slot="3" name_on_component="Ethernet Port 2"/>
</logical_io_assign>
<logical_io_assign logical_name="Port 19">
<io model="10/100 Ethernet 8 Port Bank" slot="3" name_on_component="Ethernet Port 3"/>
</logical_io_assign>
<logical_io_assign logical_name="Port 20">
<io model="10/100 Ethernet 8 Port Bank" slot="3" name_on_component="Ethernet Port 4"/>
</logical_io_assign>
<logical_io_assign logical_name="Port 21">
<io model="10/100 Ethernet 8 Port Bank" slot="3" name_on_component="Ethernet Port 5"/>
</logical_io_assign>
<logical_io_assign logical_name="Port 22">
<io model="10/100 Ethernet 8 Port Bank" slot="3" name_on_component="Ethernet Port 6"/>
</logical_io_assign>
<logical_io_assign logical_name="Port 23">
<io model="10/100 Ethernet 8 Port Bank" slot="3" name_on_component="Ethernet Port 7"/>
</logical_io_assign>
<logical_io_assign logical_name="Port 24">
<io model="10/100 Ethernet 8 Port Bank" slot="3" name_on_component="Ethernet Port 8"/>
</logical_io_assign>
<logical_io_assign logical_name="Port 25">
<io model="10/100 Ethernet 8 Port Bank" slot="4" name_on_component="Ethernet Port 1"/>
</logical_io_assign>
<logical_io_assign logical_name="Port 26">
<io model="10/100 Ethernet 8 Port Bank" slot="4" name_on_component="Ethernet Port 2"/>
</logical_io_assign>
<logical_io_assign logical_name="Port 27">
<io model="10/100 Ethernet 8 Port Bank" slot="4" name_on_component="Ethernet Port 3"/>
</logical_io_assign>
<logical_io_assign logical_name="Port 28">
<io model="10/100 Ethernet 8 Port Bank" slot="4" name_on_component="Ethernet Port 4"/>
</logical_io_assign>
<logical_io_assign logical_name="Port 29">
<io model="10/100 Ethernet 8 Port Bank" slot="4" name_on_component="Ethernet Port 5"/>
</logical_io_assign>
<logical_io_assign logical_name="Port 30">
<io model="10/100 Ethernet 8 Port Bank" slot="4" name_on_component="Ethernet Port 6"/>
</logical_io_assign>
<logical_io_assign logical_name="Port 31">
<io model="10/100 Ethernet 8 Port Bank" slot="4" name_on_component="Ethernet Port 7"/>
</logical_io_assign>
<logical_io_assign logical_name="Port 32">
<io model="10/100 Ethernet 8 Port Bank" slot="4" name_on_component="Ethernet Port 8"/>
</logical_io_assign>
<logical_io_assign logical_name="Port 33"/>
<logical_io_assign logical_name="Port 34"/>
<logical_io_assign logical_name="Port 35"/>
<logical_io_assign logical_name="Port 36"/>
<logical_io_assign logical_name="Port 37"/>
<logical_io_assign logical_name="Port 38"/>
<logical_io_assign logical_name="Port 39"/>
<logical_io_assign logical_name="Port 40"/>
<logical_io_assign logical_name="Port 41"/>
<logical_io_assign logical_name="Port 42"/>
<logical_io_assign logical_name="Port 43"/>
<logical_io_assign logical_name="Port 44"/>
<logical_io_assign logical_name="Port 45"/>
<logical_io_assign logical_name="Port 46"/>
<logical_io_assign logical_name="Port 47"/>
<logical_io_assign logical_name="Port 48"/>
<logical_io_assign logical_name="Port 49"/>
<logical_io_assign logical_name="Port 50"/>
<logical_io_assign logical_name="Port 51"/>
<logical_io_assign logical_name="Port 52"/>
<logical_io_assign logical_name="Port 53"/>
<logical_io_assign logical_name="Port 54"/>
<logical_io_assign logical_name="Port 55"/>
<logical_io_assign logical_name="Port 56"/>
<logical_io_assign logical_name="Port 57"/>
<logical_io_assign logical_name="Port 58"/>
<logical_io_assign logical_name="Port 59"/>
<logical_io_assign logical_name="Port 60"/>
<logical_io_assign logical_name="Port 61"/>
<logical_io_assign logical_name="Port 62"/>
<logical_io_assign logical_name="Port 63"/>
<logical_io_assign logical_name="Port 64"/>
<logical_io_assign logical_name="Port 65"/>
<logical_io_assign logical_name="Port 66"/>
<logical_io_assign logical_name="Port 67"/>
<logical_io_assign logical_name="Port 68"/>
<logical_io_assign logical_name="Port 69"/>
<logical_io_assign logical_name="Port 70"/>
<logical_io_assign logical_name="Port 71"/>
<logical_io_assign logical_name="Port 72"/>
<logical_io_assign logical_name="Port 73"/>
<logical_io_assign logical_name="Port 74"/>
<logical_io_assign logical_name="Port 75"/>
<logical_io_assign logical_name="Port 76"/>
<logical_io_assign logical_name="Port 77"/>
<logical_io_assign logical_name="Port 78"/>
<logical_io_assign logical_name="Port 79"/>
<logical_io_assign logical_name="Port 80"/>
<logical_io_assign logical_name="Port 81"/>
<logical_io_assign logical_name="Port 82"/>
<logical_io_assign logical_name="Port 83"/>
<logical_io_assign logical_name="Port 84"/>
<logical_io_assign logical_name="Port 85"/>
<logical_io_assign logical_name="Port 86"/>
<logical_io_assign logical_name="Port 87"/>
<logical_io_assign logical_name="Port 88"/>
<logical_io_assign logical_name="Port 89"/>
<logical_io_assign logical_name="Port 90"/>
<logical_io_assign logical_name="Port 91"/>
<logical_io_assign logical_name="Port 92"/>
<logical_io_assign logical_name="Port 93"/>
<logical_io_assign logical_name="Port 94"/>
<logical_io_assign logical_name="Port 95"/>
<logical_io_assign logical_name="Port 96"/>
</component>
<component manufacturer="Generic" model="Large SignalSource" user_defined_name="Signal Source" isShared="false" device_class="Signal_source" always_on="false" power_on_only="false" telephony_on="false" global_call_server_on="false" telephony_dont_show_on="false" telephony_show_all_on="false" telephony_registration_on="true" telephony_bonjour_connection_on="true" telephony_endpoint_call_acceptance_on="false"/>
<component manufacturer="Roku" model="3" user_defined_name="Roku" isShared="false" device_class="Media_server" always_on="false" power_on_only="false" telephony_on="false" global_call_server_on="false" telephony_dont_show_on="false" telephony_show_all_on="false" telephony_registration_on="true" telephony_bonjour_connection_on="true" telephony_endpoint_call_acceptance_on="false"/>
<component manufacturer="IC Realtime" model="DVR Flex 8" user_defined_name="Surveillance System" isShared="false" device_class="Surveillance_system" always_on="false" power_on_only="false" telephony_on="false" global_call_server_on="false" telephony_dont_show_on="false" telephony_show_all_on="false" telephony_registration_on="true" telephony_bonjour_connection_on="true" telephony_endpoint_call_acceptance_on="false"/>
<component manufacturer="Motorola" model="VIP2250" user_defined_name="Uverse 1" isShared="false" device_class="Cable_box" always_on="false" power_on_only="false" telephony_on="false" global_call_server_on="false" telephony_dont_show_on="false" telephony_show_all_on="false" telephony_registration_on="true" telephony_bonjour_connection_on="true" telephony_endpoint_call_acceptance_on="false" telephony_endpoint_call_acceptance_delay="1.5" itmp_start_menu="defaultRoot"/>
<component manufacturer="Motorola" model="VIP1200" user_defined_name="Uverse 2" isShared="false" device_class="Cable_box" always_on="false" power_on_only="false" telephony_on="false" global_call_server_on="false" telephony_dont_show_on="false" telephony_show_all_on="false" telephony_registration_on="true" telephony_bonjour_connection_on="true" telephony_endpoint_call_acceptance_on="false" telephony_endpoint_call_acceptance_delay="1.5" itmp_start_menu="defaultRoot"/>
<component manufacturer="Lutron" model="RadioRa2" user_defined_name="Lighting Controller" isShared="false" device_class="Lighting_controller" always_on="false" power_on_only="false" telephony_on="false" global_call_server_on="false" telephony_dont_show_on="false" telephony_show_all_on="false" telephony_registration_on="true" telephony_bonjour_connection_on="true" telephony_endpoint_call_acceptance_on="false" telephony_endpoint_call_acceptance_delay="1.5" itmp_start_menu="defaultRoot"/>
</component_list>
</zone>
</zone_config>
