<?xml version="1.0" encoding="UTF-8"?>
<component xmlns:xsi="http://www.w3.org/2001/XMLSchema-instance"
    xsi:noNamespaceSchemaLocation="racepoint_component_profile.xsd" manufacturer="Generic" model="SurroundSpeakers" device_class="Surround_speaker_system" minimum_component_engine_version="0" rpm_xml_version="1.8">
    
	<notes>
		====================== Change Log ==================
		Version: 1.8 Change: Version Number bump to support new Savant Revisioning Scheme.  Risk: Low Importance: Forced
	</notes>
    <modular_chassis>
        <module model_name="5.1StandardWire">
            <input name_on_component="5.1StandardWire">
                <audio_media type="speakers_5.1_surround"/>
                <resource resource_type="AV_SURROUNDSOUNDSPEAKERS_SINK"/>
            </input>
        </module>
        <module model_name="5.1XLRWire">
            <input name_on_component="5.1XLRWire">
                <audio_media type="speakers_5.1_surround_xlr_balanced"/>
                <resource resource_type="AV_SURROUNDSOUNDSPEAKERS_SINK"/>
            </input>
        </module>
        <module model_name="7.1StandardWire">
            <input name_on_component="7.1StandardWire">
                <audio_media type="speakers_7.1_surround"/>
                <resource resource_type="AV_SURROUNDSOUNDSPEAKERS_SINK"/>
            </input>
        </module>
        <module model_name="7.1XLRWire">
            <input name_on_component="7.1XLRWire">
                <audio_media type="speakers_7.1_surround_xlr_balanced"/>
                <resource resource_type="AV_SURROUNDSOUNDSPEAKERS_SINK"/>
            </input>
        </module>
        <module model_name="5.1StandardWire With External Volume Control">
            <input name_on_component="5.1StandardWire">
                <audio_media type="speakers_5.1_surround"/>
                <resource resource_type="AV_SURROUNDSOUNDSPEAKERS_SINK"/>
                <resource resource_type="AV_VOLUMECONTROL_FUNCTION"/>
            </input>
        </module>
        <module model_name="5.1XLRWire With External Volume Control">
            <input name_on_component="5.1XLRWire">
                <audio_media type="speakers_5.1_surround_xlr_balanced"/>
                <resource resource_type="AV_SURROUNDSOUNDSPEAKERS_SINK"/>
                <resource resource_type="AV_VOLUMECONTROL_FUNCTION"/>
            </input>
        </module>
        <module model_name="7.1StandardWire With External Volume Control">
            <input name_on_component="7.1StandardWire">
                <audio_media type="speakers_7.1_surround"/>
                <resource resource_type="AV_SURROUNDSOUNDSPEAKERS_SINK"/>
                <resource resource_type="AV_VOLUMECONTROL_FUNCTION"/>
            </input>
        </module>
        <module model_name="7.1XLRWire With External Volume Control">
            <input name_on_component="7.1XLRWire">
                <audio_media type="speakers_7.1_surround_xlr_balanced"/>
                <resource resource_type="AV_SURROUNDSOUNDSPEAKERS_SINK"/>
                <resource resource_type="AV_VOLUMECONTROL_FUNCTION"/>
            </input>
        </module>
        <chassis_slots>
            <slot id="Connector">
                <supported_module model_name="5.1StandardWire"/>
                <supported_module model_name="5.1XLRWire"/>
                <supported_module model_name="7.1StandardWire"/>
                <supported_module model_name="7.1XLRWire"/>
                <supported_module model_name="5.1StandardWire With External Volume Control"/>
                <supported_module model_name="5.1XLRWire With External Volume Control"/>
                <supported_module model_name="7.1StandardWire With External Volume Control"/>
                <supported_module model_name="7.1XLRWire With External Volume Control"/>
                <default_module model_name="5.1StandardWire"/>
            </slot>
        </chassis_slots>
    </modular_chassis>
    
    <logical_ios>
        <input logical_name="SpeakerInput">
            <audio_media type="speakers_7.1_surround"/>
            <audio_media type="speakers_5.1_surround"/>
            <audio_media type="speakers_5.1_surround_xlr_balanced"/>
            <audio_media type="speakers_7.1_surround_xlr_balanced"/>
            <default_io name_on_component="5.1StandardWire" model="5.1StandardWire" slot="Connector"/>
            <default_io name_on_component="7.1StandardWire" model="7.1StandardWire" slot="Connector"/>
            <default_io name_on_component="7.1XLRWire" model="7.1XLRWire" slot="Connector"/>
            <default_io name_on_component="5.1XLRWire" model="5.1XLRWire" slot="Connector"/>
            <default_io name_on_component="5.1StandardWire" model="5.1StandardWire With External Volume Control" slot="Connector"/>
            <default_io name_on_component="7.1StandardWire" model="7.1StandardWire With External Volume Control" slot="Connector"/>
            <default_io name_on_component="7.1XLRWire" model="7.1XLRWire With External Volume Control" slot="Connector"/>
            <default_io name_on_component="5.1XLRWire" model="5.1XLRWire With External Volume Control" slot="Connector"/>
        </input>
    </logical_ios>
    
    <logical_component logical_component_name="SurroundSpeakers">
        <implementation>
            <input logical_name="SpeakerInput"></input>
        </implementation>
    </logical_component>
</component>