<?xml version="1.0" encoding="UTF-8"?>
<component xmlns:xsi="http://www.w3.org/2001/XMLSchema-instance"
    xsi:noNamespaceSchemaLocation="racepoint_component_profile.xsd" manufacturer="Generic" model="NetworkSwitch Large" device_class="Network_device" minimum_component_engine_version="0" rpm_xml_version="1.2">
	<notes>
		====================== Change Log ==================
		Version: 1.2 Change: Version Number bump to support new Savant Revisioning Scheme.  Risk: Low Importance: Forced
	</notes>
    <modular_chassis>
        <module model_name="10/100 Ethernet 8 Port Bank">
            <data name_on_component="Ethernet Port 1">
                <data_media type="ethernet"/>
            </data>
            <data name_on_component="Ethernet Port 2">
                <data_media type="ethernet"/>
            </data>
            <data name_on_component="Ethernet Port 3">
                <data_media type="ethernet"/>
            </data>
            <data name_on_component="Ethernet Port 4">
                <data_media type="ethernet"/>
            </data>
            <data name_on_component="Ethernet Port 5">
                <data_media type="ethernet"/>
            </data>
            <data name_on_component="Ethernet Port 6">
                <data_media type="ethernet"/>
            </data>
            <data name_on_component="Ethernet Port 7">
                <data_media type="ethernet"/>
            </data>
            <data name_on_component="Ethernet Port 8">
                <data_media type="ethernet"/>
            </data>
        </module>
        <module model_name="10/100/1000 Ethernet 8 Port Bank">
            <data name_on_component="Ethernet Port 1">
                <data_media type="ethernet"/>
            </data>
            <data name_on_component="Ethernet Port 2">
                <data_media type="ethernet"/>
            </data>
            <data name_on_component="Ethernet Port 3">
                <data_media type="ethernet"/>
            </data>
            <data name_on_component="Ethernet Port 4">
                <data_media type="ethernet"/>
            </data>
            <data name_on_component="Ethernet Port 5">
                <data_media type="ethernet"/>
            </data>
            <data name_on_component="Ethernet Port 6">
                <data_media type="ethernet"/>
            </data>
            <data name_on_component="Ethernet Port 7">
                <data_media type="ethernet"/>
            </data>
            <data name_on_component="Ethernet Port 8">
                <data_media type="ethernet"/>
            </data>
        </module>
        <module model_name="802.11 WiFi 8 Port Bank">
            <data name_on_component="Ethernet Port 1">
                <data_media type="ethernet"/>
            </data>
            <data name_on_component="Ethernet Port 2">
                <data_media type="ethernet"/>
            </data>
            <data name_on_component="Ethernet Port 3">
                <data_media type="ethernet"/>
            </data>
            <data name_on_component="Ethernet Port 4">
                <data_media type="ethernet"/>
            </data>
            <data name_on_component="Ethernet Port 5">
                <data_media type="ethernet"/>
            </data>
            <data name_on_component="Ethernet Port 6">
                <data_media type="ethernet"/>
            </data>
            <data name_on_component="Ethernet Port 7">
                <data_media type="ethernet"/>
            </data>
            <data name_on_component="Ethernet Port 8">
                <data_media type="ethernet"/>
            </data>
        </module>
        <chassis_slots>
            <slot id="1" description="Port 1">
                <supported_module model_name="10/100 Ethernet 8 Port Bank"/>
                <supported_module model_name="10/100/1000 Ethernet 8 Port Bank"/>
                <supported_module model_name="802.11 WiFi 8 Port Bank"/>
                <default_module model_name="10/100 Ethernet 8 Port Bank"/>
            </slot>
            <slot id="2" description="Port 2">
                <supported_module model_name="10/100 Ethernet 8 Port Bank"/>
                <supported_module model_name="10/100/1000 Ethernet 8 Port Bank"/>
                <supported_module model_name="802.11 WiFi 8 Port Bank"/>
                <default_module model_name="10/100 Ethernet 8 Port Bank"/>
            </slot>
            <slot id="3" description="Port 3">
                <supported_module model_name="10/100 Ethernet 8 Port Bank"/>
                <supported_module model_name="10/100/1000 Ethernet 8 Port Bank"/>
                <supported_module model_name="802.11 WiFi 8 Port Bank"/>
                <default_module model_name="10/100 Ethernet 8 Port Bank"/>
            </slot>
            <slot id="4" description="Port 4">
                <supported_module model_name="10/100 Ethernet 8 Port Bank"/>
                <supported_module model_name="10/100/1000 Ethernet 8 Port Bank"/>
                <supported_module model_name="802.11 WiFi 8 Port Bank"/>
                <default_module model_name="10/100 Ethernet 8 Port Bank"/>
            </slot>
            <slot id="5" description="Port 5">
                <supported_module model_name="10/100 Ethernet 8 Port Bank"/>
                <supported_module model_name="10/100/1000 Ethernet 8 Port Bank"/>
                <supported_module model_name="802.11 WiFi 8 Port Bank"/>
            </slot>
            <slot id="6" description="Port 6">
                <supported_module model_name="10/100 Ethernet 8 Port Bank"/>
                <supported_module model_name="10/100/1000 Ethernet 8 Port Bank"/>
                <supported_module model_name="802.11 WiFi 8 Port Bank"/>
            </slot>
            <slot id="7" description="Port 7">
                <supported_module model_name="10/100 Ethernet 8 Port Bank"/>
                <supported_module model_name="10/100/1000 Ethernet 8 Port Bank"/>
                <supported_module model_name="802.11 WiFi 8 Port Bank"/>
            </slot>
            <slot id="8" description="Port 8">
                <supported_module model_name="10/100 Ethernet 8 Port Bank"/>
                <supported_module model_name="10/100/1000 Ethernet 8 Port Bank"/>
                <supported_module model_name="802.11 WiFi 8 Port Bank"/>
            </slot>
            <slot id="9" description="Port 9">               
                <supported_module model_name="10/100 Ethernet 8 Port Bank"/>
                <supported_module model_name="10/100/1000 Ethernet 8 Port Bank"/>
                <supported_module model_name="802.11 WiFi 8 Port Bank"/>
            </slot>
            <slot id="10" description="Port 10">              
                <supported_module model_name="10/100 Ethernet 8 Port Bank"/>
                <supported_module model_name="10/100/1000 Ethernet 8 Port Bank"/>
                <supported_module model_name="802.11 WiFi 8 Port Bank"/>
            </slot>
            <slot id="11" description="Port 11">
                <supported_module model_name="10/100 Ethernet 8 Port Bank"/>
                <supported_module model_name="10/100/1000 Ethernet 8 Port Bank"/>
                <supported_module model_name="802.11 WiFi 8 Port Bank"/>
            </slot>
            <slot id="12" description="Port 12">
                <supported_module model_name="10/100 Ethernet 8 Port Bank"/>
                <supported_module model_name="10/100/1000 Ethernet 8 Port Bank"/>
                <supported_module model_name="802.11 WiFi 8 Port Bank"/>
            </slot>
        </chassis_slots>
    </modular_chassis>
    <logical_ios>
      <data logical_name="Port 1">
            <data_media type="ethernet"/>
            <default_io name_on_component="Ethernet Port 1" slot="1" model="10/100 Ethernet 8 Port Bank"/>
            <default_io name_on_component="Ethernet Port 1" slot="1" model="10/100/1000 Ethernet 8 Port Bank"/>
            <default_io name_on_component="Ethernet Port 1" slot="1" model="802.11 WiFi 8 Port Bank"/>
        </data>
        <data logical_name="Port 2">
            <data_media type="ethernet"/>
            <default_io name_on_component="Ethernet Port 2" slot="1" model="10/100 Ethernet 8 Port Bank"/>
            <default_io name_on_component="Ethernet Port 2" slot="1" model="10/100/1000 Ethernet 8 Port Bank"/>
            <default_io name_on_component="Ethernet Port 2" slot="1" model="802.11 WiFi 8 Port Bank"/>
        </data>
        <data logical_name="Port 3">
            <data_media type="ethernet"/>
            <default_io name_on_component="Ethernet Port 3" slot="1" model="10/100 Ethernet 8 Port Bank"/>
            <default_io name_on_component="Ethernet Port 3" slot="1" model="10/100/1000 Ethernet 8 Port Bank"/>
            <default_io name_on_component="Ethernet Port 3" slot="1" model="802.11 WiFi 8 Port Bank"/>
        </data>
        <data logical_name="Port 4">
            <data_media type="ethernet"/>
            <default_io name_on_component="Ethernet Port 4" slot="1" model="10/100 Ethernet 8 Port Bank"/>
            <default_io name_on_component="Ethernet Port 4" slot="1" model="10/100/1000 Ethernet 8 Port Bank"/>
            <default_io name_on_component="Ethernet Port 4" slot="1" model="802.11 WiFi 8 Port Bank"/>
        </data>
        <data logical_name="Port 5">
            <data_media type="ethernet"/>
            <default_io name_on_component="Ethernet Port 5" slot="1" model="10/100 Ethernet 8 Port Bank"/>
            <default_io name_on_component="Ethernet Port 5" slot="1" model="10/100/1000 Ethernet 8 Port Bank"/>
            <default_io name_on_component="Ethernet Port 5" slot="1" model="802.11 WiFi 8 Port Bank"/>
        </data>
        <data logical_name="Port 6">
            <data_media type="ethernet"/>
            <default_io name_on_component="Ethernet Port 6" slot="1" model="10/100 Ethernet 8 Port Bank"/>
            <default_io name_on_component="Ethernet Port 6" slot="1" model="10/100/1000 Ethernet 8 Port Bank"/>
            <default_io name_on_component="Ethernet Port 6" slot="1" model="802.11 WiFi 8 Port Bank"/>
        </data>
        <data logical_name="Port 7">
            <data_media type="ethernet"/>
            <default_io name_on_component="Ethernet Port 7" slot="1" model="10/100 Ethernet 8 Port Bank"/>
            <default_io name_on_component="Ethernet Port 7" slot="1" model="10/100/1000 Ethernet 8 Port Bank"/>
            <default_io name_on_component="Ethernet Port 7" slot="1" model="802.11 WiFi 8 Port Bank"/>
        </data>
        <data logical_name="Port 8">
            <data_media type="ethernet"/>
            <default_io name_on_component="Ethernet Port 8" slot="1" model="10/100 Ethernet 8 Port Bank"/>
            <default_io name_on_component="Ethernet Port 8" slot="1" model="10/100/1000 Ethernet 8 Port Bank"/>
            <default_io name_on_component="Ethernet Port 8" slot="1" model="802.11 WiFi 8 Port Bank"/>
        </data>
        <data logical_name="Port 9">
            <data_media type="ethernet"/>
            <default_io name_on_component="Ethernet Port 1" slot="2" model="10/100 Ethernet 8 Port Bank"/>
            <default_io name_on_component="Ethernet Port 1" slot="2" model="10/100/1000 Ethernet 8 Port Bank"/>
            <default_io name_on_component="Ethernet Port 1" slot="2" model="802.11 WiFi 8 Port Bank"/>
        </data>
        <data logical_name="Port 10">
            <data_media type="ethernet"/>
            <default_io name_on_component="Ethernet Port 2" slot="2" model="10/100 Ethernet 8 Port Bank"/>
            <default_io name_on_component="Ethernet Port 2" slot="2" model="10/100/1000 Ethernet 8 Port Bank"/>
            <default_io name_on_component="Ethernet Port 2" slot="2" model="802.11 WiFi 8 Port Bank"/>
        </data>
        <data logical_name="Port 11">
            <data_media type="ethernet"/>
            <default_io name_on_component="Ethernet Port 3" slot="2" model="10/100 Ethernet 8 Port Bank"/>
            <default_io name_on_component="Ethernet Port 3" slot="2" model="10/100/1000 Ethernet 8 Port Bank"/>
            <default_io name_on_component="Ethernet Port 3" slot="2" model="802.11 WiFi 8 Port Bank"/>
        </data>
        <data logical_name="Port 12">
            <data_media type="ethernet"/>
            <default_io name_on_component="Ethernet Port 4" slot="2" model="10/100 Ethernet 8 Port Bank"/>
            <default_io name_on_component="Ethernet Port 4" slot="2" model="10/100/1000 Ethernet 8 Port Bank"/>
            <default_io name_on_component="Ethernet Port 4" slot="2" model="802.11 WiFi 8 Port Bank"/>
        </data>
        <data logical_name="Port 13">
            <data_media type="ethernet"/>
            <default_io name_on_component="Ethernet Port 5" slot="2" model="10/100 Ethernet 8 Port Bank"/>
            <default_io name_on_component="Ethernet Port 5" slot="2" model="10/100/1000 Ethernet 8 Port Bank"/>
            <default_io name_on_component="Ethernet Port 5" slot="2" model="802.11 WiFi 8 Port Bank"/>
        </data>
        <data logical_name="Port 14">
            <data_media type="ethernet"/>
            <default_io name_on_component="Ethernet Port 6" slot="2" model="10/100 Ethernet 8 Port Bank"/>
            <default_io name_on_component="Ethernet Port 6" slot="2" model="10/100/1000 Ethernet 8 Port Bank"/>
            <default_io name_on_component="Ethernet Port 6" slot="2" model="802.11 WiFi 8 Port Bank"/>
        </data>
        <data logical_name="Port 15">
            <data_media type="ethernet"/>
            <default_io name_on_component="Ethernet Port 7" slot="2" model="10/100 Ethernet 8 Port Bank"/>
            <default_io name_on_component="Ethernet Port 7" slot="2" model="10/100/1000 Ethernet 8 Port Bank"/>
            <default_io name_on_component="Ethernet Port 7" slot="2" model="802.11 WiFi 8 Port Bank"/>
        </data>
        <data logical_name="Port 16">
            <data_media type="ethernet"/>
            <default_io name_on_component="Ethernet Port 8" slot="2" model="10/100 Ethernet 8 Port Bank"/>
            <default_io name_on_component="Ethernet Port 8" slot="2" model="10/100/1000 Ethernet 8 Port Bank"/>
            <default_io name_on_component="Ethernet Port 8" slot="2" model="802.11 WiFi 8 Port Bank"/>
        </data>
        <data logical_name="Port 17">
            <data_media type="ethernet"/>
            <default_io name_on_component="Ethernet Port 1" slot="3" model="10/100 Ethernet 8 Port Bank"/>
            <default_io name_on_component="Ethernet Port 1" slot="3" model="10/100/1000 Ethernet 8 Port Bank"/>
            <default_io name_on_component="Ethernet Port 1" slot="3" model="802.11 WiFi 8 Port Bank"/>
        </data>
        <data logical_name="Port 18">
            <data_media type="ethernet"/>
            <default_io name_on_component="Ethernet Port 2" slot="3" model="10/100 Ethernet 8 Port Bank"/>
            <default_io name_on_component="Ethernet Port 2" slot="3" model="10/100/1000 Ethernet 8 Port Bank"/>
            <default_io name_on_component="Ethernet Port 2" slot="3" model="802.11 WiFi 8 Port Bank"/>
        </data>
        <data logical_name="Port 19">
            <data_media type="ethernet"/>
            <default_io name_on_component="Ethernet Port 3" slot="3" model="10/100 Ethernet 8 Port Bank"/>
            <default_io name_on_component="Ethernet Port 3" slot="3" model="10/100/1000 Ethernet 8 Port Bank"/>
            <default_io name_on_component="Ethernet Port 3" slot="3" model="802.11 WiFi 8 Port Bank"/>
        </data>
        <data logical_name="Port 20">
            <data_media type="ethernet"/>
            <default_io name_on_component="Ethernet Port 4" slot="3" model="10/100 Ethernet 8 Port Bank"/>
            <default_io name_on_component="Ethernet Port 4" slot="3" model="10/100/1000 Ethernet 8 Port Bank"/>
            <default_io name_on_component="Ethernet Port 4" slot="3" model="802.11 WiFi 8 Port Bank"/>
        </data>
        <data logical_name="Port 21">
            <data_media type="ethernet"/>
            <default_io name_on_component="Ethernet Port 5" slot="3" model="10/100 Ethernet 8 Port Bank"/>
            <default_io name_on_component="Ethernet Port 5" slot="3" model="10/100/1000 Ethernet 8 Port Bank"/>
            <default_io name_on_component="Ethernet Port 5" slot="3" model="802.11 WiFi 8 Port Bank"/>
        </data>
        <data logical_name="Port 22">
            <data_media type="ethernet"/>
            <default_io name_on_component="Ethernet Port 6" slot="3" model="10/100 Ethernet 8 Port Bank"/>
            <default_io name_on_component="Ethernet Port 6" slot="3" model="10/100/1000 Ethernet 8 Port Bank"/>
            <default_io name_on_component="Ethernet Port 6" slot="3" model="802.11 WiFi 8 Port Bank"/>
        </data>
        <data logical_name="Port 23">
            <data_media type="ethernet"/>
            <default_io name_on_component="Ethernet Port 7" slot="3" model="10/100 Ethernet 8 Port Bank"/>
            <default_io name_on_component="Ethernet Port 7" slot="3" model="10/100/1000 Ethernet 8 Port Bank"/>
            <default_io name_on_component="Ethernet Port 7" slot="3" model="802.11 WiFi 8 Port Bank"/>
        </data>
        <data logical_name="Port 24">
            <data_media type="ethernet"/>
            <default_io name_on_component="Ethernet Port 8" slot="3" model="10/100 Ethernet 8 Port Bank"/>
            <default_io name_on_component="Ethernet Port 8" slot="3" model="10/100/1000 Ethernet 8 Port Bank"/>
            <default_io name_on_component="Ethernet Port 8" slot="3" model="802.11 WiFi 8 Port Bank"/>
        </data>
        <data logical_name="Port 25">
            <data_media type="ethernet"/>
            <default_io name_on_component="Ethernet Port 1" slot="4" model="10/100 Ethernet 8 Port Bank"/>
            <default_io name_on_component="Ethernet Port 1" slot="4" model="10/100/1000 Ethernet 8 Port Bank"/>
            <default_io name_on_component="Ethernet Port 1" slot="4" model="802.11 WiFi 8 Port Bank"/>
        </data>
        <data logical_name="Port 26">
            <data_media type="ethernet"/>
            <default_io name_on_component="Ethernet Port 2" slot="4" model="10/100 Ethernet 8 Port Bank"/>
            <default_io name_on_component="Ethernet Port 2" slot="4" model="10/100/1000 Ethernet 8 Port Bank"/>
            <default_io name_on_component="Ethernet Port 2" slot="4" model="802.11 WiFi 8 Port Bank"/>
        </data>
        <data logical_name="Port 27">
            <data_media type="ethernet"/>
            <default_io name_on_component="Ethernet Port 3" slot="4" model="10/100 Ethernet 8 Port Bank"/>
            <default_io name_on_component="Ethernet Port 3" slot="4" model="10/100/1000 Ethernet 8 Port Bank"/>
            <default_io name_on_component="Ethernet Port 3" slot="4" model="802.11 WiFi 8 Port Bank"/>
        </data>
        <data logical_name="Port 28">
            <data_media type="ethernet"/>
            <default_io name_on_component="Ethernet Port 4" slot="4" model="10/100 Ethernet 8 Port Bank"/>
            <default_io name_on_component="Ethernet Port 4" slot="4" model="10/100/1000 Ethernet 8 Port Bank"/>
            <default_io name_on_component="Ethernet Port 4" slot="4" model="802.11 WiFi 8 Port Bank"/>
        </data>
        <data logical_name="Port 29">
            <data_media type="ethernet"/>
            <default_io name_on_component="Ethernet Port 5" slot="4" model="10/100 Ethernet 8 Port Bank"/>
            <default_io name_on_component="Ethernet Port 5" slot="4" model="10/100/1000 Ethernet 8 Port Bank"/>
            <default_io name_on_component="Ethernet Port 5" slot="4" model="802.11 WiFi 8 Port Bank"/>
        </data>
        <data logical_name="Port 30">
            <data_media type="ethernet"/>
            <default_io name_on_component="Ethernet Port 6" slot="4" model="10/100 Ethernet 8 Port Bank"/>
            <default_io name_on_component="Ethernet Port 6" slot="4" model="10/100/1000 Ethernet 8 Port Bank"/>
            <default_io name_on_component="Ethernet Port 6" slot="4" model="802.11 WiFi 8 Port Bank"/>
        </data>
        <data logical_name="Port 31">
            <data_media type="ethernet"/>
            <default_io name_on_component="Ethernet Port 7" slot="4" model="10/100 Ethernet 8 Port Bank"/>
            <default_io name_on_component="Ethernet Port 7" slot="4" model="10/100/1000 Ethernet 8 Port Bank"/>
            <default_io name_on_component="Ethernet Port 7" slot="4" model="802.11 WiFi 8 Port Bank"/>
        </data>
        <data logical_name="Port 32">
            <data_media type="ethernet"/>
            <default_io name_on_component="Ethernet Port 8" slot="4" model="10/100 Ethernet 8 Port Bank"/>
            <default_io name_on_component="Ethernet Port 8" slot="4" model="10/100/1000 Ethernet 8 Port Bank"/>
            <default_io name_on_component="Ethernet Port 8" slot="4" model="802.11 WiFi 8 Port Bank"/>
        </data>
        <data logical_name="Port 33">
            <data_media type="ethernet"/>
            <default_io name_on_component="Ethernet Port 1" slot="5" model="10/100 Ethernet 8 Port Bank"/>
            <default_io name_on_component="Ethernet Port 1" slot="5" model="10/100/1000 Ethernet 8 Port Bank"/>
            <default_io name_on_component="Ethernet Port 1" slot="5" model="802.11 WiFi 8 Port Bank"/>
        </data>
        <data logical_name="Port 34">
            <data_media type="ethernet"/>
            <default_io name_on_component="Ethernet Port 2" slot="5" model="10/100 Ethernet 8 Port Bank"/>
            <default_io name_on_component="Ethernet Port 2" slot="5" model="10/100/1000 Ethernet 8 Port Bank"/>
            <default_io name_on_component="Ethernet Port 2" slot="5" model="802.11 WiFi 8 Port Bank"/>
        </data>
        <data logical_name="Port 35">
            <data_media type="ethernet"/>
            <default_io name_on_component="Ethernet Port 3" slot="5" model="10/100 Ethernet 8 Port Bank"/>
            <default_io name_on_component="Ethernet Port 3" slot="5" model="10/100/1000 Ethernet 8 Port Bank"/>
            <default_io name_on_component="Ethernet Port 3" slot="5" model="802.11 WiFi 8 Port Bank"/>
        </data>
        <data logical_name="Port 36">
            <data_media type="ethernet"/>
            <default_io name_on_component="Ethernet Port 4" slot="5" model="10/100 Ethernet 8 Port Bank"/>
            <default_io name_on_component="Ethernet Port 4" slot="5" model="10/100/1000 Ethernet 8 Port Bank"/>
            <default_io name_on_component="Ethernet Port 4" slot="5" model="802.11 WiFi 8 Port Bank"/>
        </data>
        <data logical_name="Port 37">
            <data_media type="ethernet"/>
            <default_io name_on_component="Ethernet Port 5" slot="5" model="10/100 Ethernet 8 Port Bank"/>
            <default_io name_on_component="Ethernet Port 5" slot="5" model="10/100/1000 Ethernet 8 Port Bank"/>
            <default_io name_on_component="Ethernet Port 5" slot="5" model="802.11 WiFi 8 Port Bank"/>
        </data>
        <data logical_name="Port 38">
            <data_media type="ethernet"/>
            <default_io name_on_component="Ethernet Port 6" slot="5" model="10/100 Ethernet 8 Port Bank"/>
            <default_io name_on_component="Ethernet Port 6" slot="5" model="10/100/1000 Ethernet 8 Port Bank"/>
            <default_io name_on_component="Ethernet Port 6" slot="5" model="802.11 WiFi 8 Port Bank"/>
        </data>
        <data logical_name="Port 39">
            <data_media type="ethernet"/>
            <default_io name_on_component="Ethernet Port 7" slot="5" model="10/100 Ethernet 8 Port Bank"/>
            <default_io name_on_component="Ethernet Port 7" slot="5" model="10/100/1000 Ethernet 8 Port Bank"/>
            <default_io name_on_component="Ethernet Port 7" slot="5" model="802.11 WiFi 8 Port Bank"/>
        </data>
        <data logical_name="Port 40">
            <data_media type="ethernet"/>
            <default_io name_on_component="Ethernet Port 8" slot="5" model="10/100 Ethernet 8 Port Bank"/>
            <default_io name_on_component="Ethernet Port 8" slot="5" model="10/100/1000 Ethernet 8 Port Bank"/>
            <default_io name_on_component="Ethernet Port 8" slot="5" model="802.11 WiFi 8 Port Bank"/>
        </data>
        <data logical_name="Port 41">
            <data_media type="ethernet"/>
            <default_io name_on_component="Ethernet Port 1" slot="6" model="10/100 Ethernet 8 Port Bank"/>
            <default_io name_on_component="Ethernet Port 1" slot="6" model="10/100/1000 Ethernet 8 Port Bank"/>
            <default_io name_on_component="Ethernet Port 1" slot="6" model="802.11 WiFi 8 Port Bank"/>
        </data>
        <data logical_name="Port 42">
            <data_media type="ethernet"/>
            <default_io name_on_component="Ethernet Port 2" slot="6" model="10/100 Ethernet 8 Port Bank"/>
            <default_io name_on_component="Ethernet Port 2" slot="6" model="10/100/1000 Ethernet 8 Port Bank"/>
            <default_io name_on_component="Ethernet Port 2" slot="6" model="802.11 WiFi 8 Port Bank"/>
        </data>
        <data logical_name="Port 43">
            <data_media type="ethernet"/>
            <default_io name_on_component="Ethernet Port 3" slot="6" model="10/100 Ethernet 8 Port Bank"/>
            <default_io name_on_component="Ethernet Port 3" slot="6" model="10/100/1000 Ethernet 8 Port Bank"/>
            <default_io name_on_component="Ethernet Port 3" slot="6" model="802.11 WiFi 8 Port Bank"/>
        </data>
        <data logical_name="Port 44">
            <data_media type="ethernet"/>
            <default_io name_on_component="Ethernet Port 4" slot="6" model="10/100 Ethernet 8 Port Bank"/>
            <default_io name_on_component="Ethernet Port 4" slot="6" model="10/100/1000 Ethernet 8 Port Bank"/>
            <default_io name_on_component="Ethernet Port 4" slot="6" model="802.11 WiFi 8 Port Bank"/>
        </data>
        <data logical_name="Port 45">
            <data_media type="ethernet"/>
            <default_io name_on_component="Ethernet Port 5" slot="6" model="10/100 Ethernet 8 Port Bank"/>
            <default_io name_on_component="Ethernet Port 5" slot="6" model="10/100/1000 Ethernet 8 Port Bank"/>
            <default_io name_on_component="Ethernet Port 5" slot="6" model="802.11 WiFi 8 Port Bank"/>
        </data>
        <data logical_name="Port 46">
            <data_media type="ethernet"/>
            <default_io name_on_component="Ethernet Port 6" slot="6" model="10/100 Ethernet 8 Port Bank"/>
            <default_io name_on_component="Ethernet Port 6" slot="6" model="10/100/1000 Ethernet 8 Port Bank"/>
            <default_io name_on_component="Ethernet Port 6" slot="6" model="802.11 WiFi 8 Port Bank"/>
        </data>
        <data logical_name="Port 47">
            <data_media type="ethernet"/>
            <default_io name_on_component="Ethernet Port 7" slot="6" model="10/100 Ethernet 8 Port Bank"/>
            <default_io name_on_component="Ethernet Port 7" slot="6" model="10/100/1000 Ethernet 8 Port Bank"/>
            <default_io name_on_component="Ethernet Port 7" slot="6" model="802.11 WiFi 8 Port Bank"/>
        </data>
        <data logical_name="Port 48">
            <data_media type="ethernet"/>
            <default_io name_on_component="Ethernet Port 8" slot="6" model="10/100 Ethernet 8 Port Bank"/>
            <default_io name_on_component="Ethernet Port 8" slot="6" model="10/100/1000 Ethernet 8 Port Bank"/>
            <default_io name_on_component="Ethernet Port 8" slot="6" model="802.11 WiFi 8 Port Bank"/>
        </data>
        <data logical_name="Port 49">
            <data_media type="ethernet"/>
            <default_io name_on_component="Ethernet Port 1" slot="7" model="10/100 Ethernet 8 Port Bank"/>
            <default_io name_on_component="Ethernet Port 1" slot="7" model="10/100/1000 Ethernet 8 Port Bank"/>
            <default_io name_on_component="Ethernet Port 1" slot="7" model="802.11 WiFi 8 Port Bank"/>
        </data>
        <data logical_name="Port 50">
            <data_media type="ethernet"/>
            <default_io name_on_component="Ethernet Port 2" slot="7" model="10/100 Ethernet 8 Port Bank"/>
            <default_io name_on_component="Ethernet Port 2" slot="7" model="10/100/1000 Ethernet 8 Port Bank"/>
            <default_io name_on_component="Ethernet Port 2" slot="7" model="802.11 WiFi 8 Port Bank"/>
        </data>
        <data logical_name="Port 51">
            <data_media type="ethernet"/>
            <default_io name_on_component="Ethernet Port 3" slot="7" model="10/100 Ethernet 8 Port Bank"/>
            <default_io name_on_component="Ethernet Port 3" slot="7" model="10/100/1000 Ethernet 8 Port Bank"/>
            <default_io name_on_component="Ethernet Port 3" slot="7" model="802.11 WiFi 8 Port Bank"/>
        </data>
        <data logical_name="Port 52">
            <data_media type="ethernet"/>
            <default_io name_on_component="Ethernet Port 4" slot="7" model="10/100 Ethernet 8 Port Bank"/>
            <default_io name_on_component="Ethernet Port 4" slot="7" model="10/100/1000 Ethernet 8 Port Bank"/>
            <default_io name_on_component="Ethernet Port 4" slot="7" model="802.11 WiFi 8 Port Bank"/>
        </data>
        <data logical_name="Port 53">
            <data_media type="ethernet"/>
            <default_io name_on_component="Ethernet Port 5" slot="7" model="10/100 Ethernet 8 Port Bank"/>
            <default_io name_on_component="Ethernet Port 5" slot="7" model="10/100/1000 Ethernet 8 Port Bank"/>
            <default_io name_on_component="Ethernet Port 5" slot="7" model="802.11 WiFi 8 Port Bank"/>
        </data>
        <data logical_name="Port 54">
            <data_media type="ethernet"/>
            <default_io name_on_component="Ethernet Port 6" slot="7" model="10/100 Ethernet 8 Port Bank"/>
            <default_io name_on_component="Ethernet Port 6" slot="7" model="10/100/1000 Ethernet 8 Port Bank"/>
            <default_io name_on_component="Ethernet Port 6" slot="7" model="802.11 WiFi 8 Port Bank"/>
        </data>
        <data logical_name="Port 55">
            <data_media type="ethernet"/>
            <default_io name_on_component="Ethernet Port 7" slot="7" model="10/100 Ethernet 8 Port Bank"/>
            <default_io name_on_component="Ethernet Port 7" slot="7" model="10/100/1000 Ethernet 8 Port Bank"/>
            <default_io name_on_component="Ethernet Port 7" slot="7" model="802.11 WiFi 8 Port Bank"/>
        </data>
        <data logical_name="Port 56">
            <data_media type="ethernet"/>
            <default_io name_on_component="Ethernet Port 8" slot="7" model="10/100 Ethernet 8 Port Bank"/>
            <default_io name_on_component="Ethernet Port 8" slot="7" model="10/100/1000 Ethernet 8 Port Bank"/>
            <default_io name_on_component="Ethernet Port 8" slot="7" model="802.11 WiFi 8 Port Bank"/>
        </data>
        <data logical_name="Port 57">
            <data_media type="ethernet"/>
            <default_io name_on_component="Ethernet Port 1" slot="8" model="10/100 Ethernet 8 Port Bank"/>
            <default_io name_on_component="Ethernet Port 1" slot="8" model="10/100/1000 Ethernet 8 Port Bank"/>
            <default_io name_on_component="Ethernet Port 1" slot="8" model="802.11 WiFi 8 Port Bank"/>
        </data>
        <data logical_name="Port 58">
            <data_media type="ethernet"/>
            <default_io name_on_component="Ethernet Port 2" slot="8" model="10/100 Ethernet 8 Port Bank"/>
            <default_io name_on_component="Ethernet Port 2" slot="8" model="10/100/1000 Ethernet 8 Port Bank"/>
            <default_io name_on_component="Ethernet Port 2" slot="8" model="802.11 WiFi 8 Port Bank"/>
        </data>
        <data logical_name="Port 59">
            <data_media type="ethernet"/>
            <default_io name_on_component="Ethernet Port 3" slot="8" model="10/100 Ethernet 8 Port Bank"/>
            <default_io name_on_component="Ethernet Port 3" slot="8" model="10/100/1000 Ethernet 8 Port Bank"/>
            <default_io name_on_component="Ethernet Port 3" slot="8" model="802.11 WiFi 8 Port Bank"/>
        </data>
        <data logical_name="Port 60">
            <data_media type="ethernet"/>
            <default_io name_on_component="Ethernet Port 4" slot="8" model="10/100 Ethernet 8 Port Bank"/>
            <default_io name_on_component="Ethernet Port 4" slot="8" model="10/100/1000 Ethernet 8 Port Bank"/>
            <default_io name_on_component="Ethernet Port 4" slot="8" model="802.11 WiFi 8 Port Bank"/>
        </data>
        <data logical_name="Port 61">
            <data_media type="ethernet"/>
            <default_io name_on_component="Ethernet Port 5" slot="8" model="10/100 Ethernet 8 Port Bank"/>
            <default_io name_on_component="Ethernet Port 5" slot="8" model="10/100/1000 Ethernet 8 Port Bank"/>
            <default_io name_on_component="Ethernet Port 5" slot="8" model="802.11 WiFi 8 Port Bank"/>
        </data>
        <data logical_name="Port 62">
            <data_media type="ethernet"/>
            <default_io name_on_component="Ethernet Port 6" slot="8" model="10/100 Ethernet 8 Port Bank"/>
            <default_io name_on_component="Ethernet Port 6" slot="8" model="10/100/1000 Ethernet 8 Port Bank"/>
            <default_io name_on_component="Ethernet Port 6" slot="8" model="802.11 WiFi 8 Port Bank"/>
        </data>
        <data logical_name="Port 63">
            <data_media type="ethernet"/>
            <default_io name_on_component="Ethernet Port 7" slot="8" model="10/100 Ethernet 8 Port Bank"/>
            <default_io name_on_component="Ethernet Port 7" slot="8" model="10/100/1000 Ethernet 8 Port Bank"/>
            <default_io name_on_component="Ethernet Port 7" slot="8" model="802.11 WiFi 8 Port Bank"/>
        </data>
        <data logical_name="Port 64">
            <data_media type="ethernet"/>
            <default_io name_on_component="Ethernet Port 8" slot="8" model="10/100 Ethernet 8 Port Bank"/>
            <default_io name_on_component="Ethernet Port 8" slot="8" model="10/100/1000 Ethernet 8 Port Bank"/>
            <default_io name_on_component="Ethernet Port 8" slot="8" model="802.11 WiFi 8 Port Bank"/>
        </data>
        <data logical_name="Port 65">
            <data_media type="ethernet"/>
            <default_io name_on_component="Ethernet Port 1" slot="9" model="10/100 Ethernet 8 Port Bank"/>
            <default_io name_on_component="Ethernet Port 1" slot="9" model="10/100/1000 Ethernet 8 Port Bank"/>
            <default_io name_on_component="Ethernet Port 1" slot="9" model="802.11 WiFi 8 Port Bank"/>
        </data>
        <data logical_name="Port 66">
            <data_media type="ethernet"/>
            <default_io name_on_component="Ethernet Port 2" slot="9" model="10/100 Ethernet 8 Port Bank"/>
            <default_io name_on_component="Ethernet Port 2" slot="9" model="10/100/1000 Ethernet 8 Port Bank"/>
            <default_io name_on_component="Ethernet Port 2" slot="9" model="802.11 WiFi 8 Port Bank"/>
        </data>
        <data logical_name="Port 67">
            <data_media type="ethernet"/>
            <default_io name_on_component="Ethernet Port 3" slot="9" model="10/100 Ethernet 8 Port Bank"/>
            <default_io name_on_component="Ethernet Port 3" slot="9" model="10/100/1000 Ethernet 8 Port Bank"/>
            <default_io name_on_component="Ethernet Port 3" slot="9" model="802.11 WiFi 8 Port Bank"/>
        </data>
        <data logical_name="Port 68">
            <data_media type="ethernet"/>
            <default_io name_on_component="Ethernet Port 4" slot="9" model="10/100 Ethernet 8 Port Bank"/>
            <default_io name_on_component="Ethernet Port 4" slot="9" model="10/100/1000 Ethernet 8 Port Bank"/>
            <default_io name_on_component="Ethernet Port 4" slot="9" model="802.11 WiFi 8 Port Bank"/>
        </data>
        <data logical_name="Port 69">
            <data_media type="ethernet"/>
            <default_io name_on_component="Ethernet Port 5" slot="9" model="10/100 Ethernet 8 Port Bank"/>
            <default_io name_on_component="Ethernet Port 5" slot="9" model="10/100/1000 Ethernet 8 Port Bank"/>
            <default_io name_on_component="Ethernet Port 5" slot="9" model="802.11 WiFi 8 Port Bank"/>
        </data>
        <data logical_name="Port 70">
            <data_media type="ethernet"/>
            <default_io name_on_component="Ethernet Port 6" slot="9" model="10/100 Ethernet 8 Port Bank"/>
            <default_io name_on_component="Ethernet Port 6" slot="9" model="10/100/1000 Ethernet 8 Port Bank"/>
            <default_io name_on_component="Ethernet Port 6" slot="9" model="802.11 WiFi 8 Port Bank"/>
        </data>
        <data logical_name="Port 71">
            <data_media type="ethernet"/>
            <default_io name_on_component="Ethernet Port 7" slot="9" model="10/100 Ethernet 8 Port Bank"/>
            <default_io name_on_component="Ethernet Port 7" slot="9" model="10/100/1000 Ethernet 8 Port Bank"/>
            <default_io name_on_component="Ethernet Port 7" slot="9" model="802.11 WiFi 8 Port Bank"/>
        </data>
        <data logical_name="Port 72">
            <data_media type="ethernet"/>
            <default_io name_on_component="Ethernet Port 8" slot="9" model="10/100 Ethernet 8 Port Bank"/>
            <default_io name_on_component="Ethernet Port 8" slot="9" model="10/100/1000 Ethernet 8 Port Bank"/>
            <default_io name_on_component="Ethernet Port 8" slot="9" model="802.11 WiFi 8 Port Bank"/>
        </data>
        <data logical_name="Port 73">
            <data_media type="ethernet"/>
            <default_io name_on_component="Ethernet Port 1" slot="10" model="10/100 Ethernet 8 Port Bank"/>
            <default_io name_on_component="Ethernet Port 1" slot="10" model="10/100/1000 Ethernet 8 Port Bank"/>
            <default_io name_on_component="Ethernet Port 1" slot="10" model="802.11 WiFi 8 Port Bank"/>
        </data>
        <data logical_name="Port 74">
            <data_media type="ethernet"/>
            <default_io name_on_component="Ethernet Port 2" slot="10" model="10/100 Ethernet 8 Port Bank"/>
            <default_io name_on_component="Ethernet Port 2" slot="10" model="10/100/1000 Ethernet 8 Port Bank"/>
            <default_io name_on_component="Ethernet Port 2" slot="10" model="802.11 WiFi 8 Port Bank"/>
        </data>
        <data logical_name="Port 75">
            <data_media type="ethernet"/>
            <default_io name_on_component="Ethernet Port 3" slot="10" model="10/100 Ethernet 8 Port Bank"/>
            <default_io name_on_component="Ethernet Port 3" slot="10" model="10/100/1000 Ethernet 8 Port Bank"/>
            <default_io name_on_component="Ethernet Port 3" slot="10" model="802.11 WiFi 8 Port Bank"/>
        </data>
        <data logical_name="Port 76">
            <data_media type="ethernet"/>
            <default_io name_on_component="Ethernet Port 4" slot="10" model="10/100 Ethernet 8 Port Bank"/>
            <default_io name_on_component="Ethernet Port 4" slot="10" model="10/100/1000 Ethernet 8 Port Bank"/>
            <default_io name_on_component="Ethernet Port 4" slot="10" model="802.11 WiFi 8 Port Bank"/>
        </data>
        <data logical_name="Port 77">
            <data_media type="ethernet"/>
            <default_io name_on_component="Ethernet Port 5" slot="10" model="10/100 Ethernet 8 Port Bank"/>
            <default_io name_on_component="Ethernet Port 5" slot="10" model="10/100/1000 Ethernet 8 Port Bank"/>
            <default_io name_on_component="Ethernet Port 5" slot="10" model="802.11 WiFi 8 Port Bank"/>
        </data>
        <data logical_name="Port 78">
            <data_media type="ethernet"/>
            <default_io name_on_component="Ethernet Port 6" slot="10" model="10/100 Ethernet 8 Port Bank"/>
            <default_io name_on_component="Ethernet Port 6" slot="10" model="10/100/1000 Ethernet 8 Port Bank"/>
            <default_io name_on_component="Ethernet Port 6" slot="10" model="802.11 WiFi 8 Port Bank"/>
        </data>
        <data logical_name="Port 79">
            <data_media type="ethernet"/>
            <default_io name_on_component="Ethernet Port 7" slot="10" model="10/100 Ethernet 8 Port Bank"/>
            <default_io name_on_component="Ethernet Port 7" slot="10" model="10/100/1000 Ethernet 8 Port Bank"/>
            <default_io name_on_component="Ethernet Port 7" slot="10" model="802.11 WiFi 8 Port Bank"/>
        </data>
        <data logical_name="Port 80">
            <data_media type="ethernet"/>
            <default_io name_on_component="Ethernet Port 8" slot="10" model="10/100 Ethernet 8 Port Bank"/>
            <default_io name_on_component="Ethernet Port 8" slot="10" model="10/100/1000 Ethernet 8 Port Bank"/>
            <default_io name_on_component="Ethernet Port 8" slot="10" model="802.11 WiFi 8 Port Bank"/>
        </data>
        <data logical_name="Port 81">
            <data_media type="ethernet"/>
            <default_io name_on_component="Ethernet Port 1" slot="11" model="10/100 Ethernet 8 Port Bank"/>
            <default_io name_on_component="Ethernet Port 1" slot="11" model="10/100/1000 Ethernet 8 Port Bank"/>
            <default_io name_on_component="Ethernet Port 1" slot="11" model="802.11 WiFi 8 Port Bank"/>
        </data>
        <data logical_name="Port 82">
            <data_media type="ethernet"/>
            <default_io name_on_component="Ethernet Port 2" slot="11" model="10/100 Ethernet 8 Port Bank"/>
            <default_io name_on_component="Ethernet Port 2" slot="11" model="10/100/1000 Ethernet 8 Port Bank"/>
            <default_io name_on_component="Ethernet Port 2" slot="11" model="802.11 WiFi 8 Port Bank"/>
        </data>
        <data logical_name="Port 83">
            <data_media type="ethernet"/>
            <default_io name_on_component="Ethernet Port 3" slot="11" model="10/100 Ethernet 8 Port Bank"/>
            <default_io name_on_component="Ethernet Port 3" slot="11" model="10/100/1000 Ethernet 8 Port Bank"/>
            <default_io name_on_component="Ethernet Port 3" slot="11" model="802.11 WiFi 8 Port Bank"/>
        </data>
        <data logical_name="Port 84">
            <data_media type="ethernet"/>
            <default_io name_on_component="Ethernet Port 4" slot="11" model="10/100 Ethernet 8 Port Bank"/>
            <default_io name_on_component="Ethernet Port 4" slot="11" model="10/100/1000 Ethernet 8 Port Bank"/>
            <default_io name_on_component="Ethernet Port 4" slot="11" model="802.11 WiFi 8 Port Bank"/>
        </data>
        <data logical_name="Port 85">
            <data_media type="ethernet"/>
            <default_io name_on_component="Ethernet Port 5" slot="11" model="10/100 Ethernet 8 Port Bank"/>
            <default_io name_on_component="Ethernet Port 5" slot="11" model="10/100/1000 Ethernet 8 Port Bank"/>
            <default_io name_on_component="Ethernet Port 5" slot="11" model="802.11 WiFi 8 Port Bank"/>
        </data>
        <data logical_name="Port 86">
            <data_media type="ethernet"/>
            <default_io name_on_component="Ethernet Port 6" slot="11" model="10/100 Ethernet 8 Port Bank"/>
            <default_io name_on_component="Ethernet Port 6" slot="11" model="10/100/1000 Ethernet 8 Port Bank"/>
            <default_io name_on_component="Ethernet Port 6" slot="11" model="802.11 WiFi 8 Port Bank"/>
        </data>
        <data logical_name="Port 87">
            <data_media type="ethernet"/>
            <default_io name_on_component="Ethernet Port 7" slot="11" model="10/100 Ethernet 8 Port Bank"/>
            <default_io name_on_component="Ethernet Port 7" slot="11" model="10/100/1000 Ethernet 8 Port Bank"/>
            <default_io name_on_component="Ethernet Port 7" slot="11" model="802.11 WiFi 8 Port Bank"/>
        </data>
        <data logical_name="Port 88">
            <data_media type="ethernet"/>
            <default_io name_on_component="Ethernet Port 8" slot="11" model="10/100 Ethernet 8 Port Bank"/>
            <default_io name_on_component="Ethernet Port 8" slot="11" model="10/100/1000 Ethernet 8 Port Bank"/>
            <default_io name_on_component="Ethernet Port 8" slot="11" model="802.11 WiFi 8 Port Bank"/>
        </data>
        <data logical_name="Port 89">
            <data_media type="ethernet"/>
            <default_io name_on_component="Ethernet Port 1" slot="12" model="10/100 Ethernet 8 Port Bank"/>
            <default_io name_on_component="Ethernet Port 1" slot="12" model="10/100/1000 Ethernet 8 Port Bank"/>
            <default_io name_on_component="Ethernet Port 1" slot="12" model="802.11 WiFi 8 Port Bank"/>
        </data>
        <data logical_name="Port 90">
            <data_media type="ethernet"/>
            <default_io name_on_component="Ethernet Port 2" slot="12" model="10/100 Ethernet 8 Port Bank"/>
            <default_io name_on_component="Ethernet Port 2" slot="12" model="10/100/1000 Ethernet 8 Port Bank"/>
            <default_io name_on_component="Ethernet Port 2" slot="12" model="802.11 WiFi 8 Port Bank"/>
        </data>
        <data logical_name="Port 91">
            <data_media type="ethernet"/>
            <default_io name_on_component="Ethernet Port 3" slot="12" model="10/100 Ethernet 8 Port Bank"/>
            <default_io name_on_component="Ethernet Port 3" slot="12" model="10/100/1000 Ethernet 8 Port Bank"/>
            <default_io name_on_component="Ethernet Port 3" slot="12" model="802.11 WiFi 8 Port Bank"/>
        </data>
        <data logical_name="Port 92">
            <data_media type="ethernet"/>
            <default_io name_on_component="Ethernet Port 4" slot="12" model="10/100 Ethernet 8 Port Bank"/>
            <default_io name_on_component="Ethernet Port 4" slot="12" model="10/100/1000 Ethernet 8 Port Bank"/>
            <default_io name_on_component="Ethernet Port 4" slot="12" model="802.11 WiFi 8 Port Bank"/>
        </data>
        <data logical_name="Port 93">
            <data_media type="ethernet"/>
            <default_io name_on_component="Ethernet Port 5" slot="12" model="10/100 Ethernet 8 Port Bank"/>
            <default_io name_on_component="Ethernet Port 5" slot="12" model="10/100/1000 Ethernet 8 Port Bank"/>
            <default_io name_on_component="Ethernet Port 5" slot="12" model="802.11 WiFi 8 Port Bank"/>
        </data>
        <data logical_name="Port 94">
            <data_media type="ethernet"/>
            <default_io name_on_component="Ethernet Port 6" slot="12" model="10/100 Ethernet 8 Port Bank"/>
            <default_io name_on_component="Ethernet Port 6" slot="12" model="10/100/1000 Ethernet 8 Port Bank"/>
            <default_io name_on_component="Ethernet Port 6" slot="12" model="802.11 WiFi 8 Port Bank"/>
        </data>
        <data logical_name="Port 95">
            <data_media type="ethernet"/>
            <default_io name_on_component="Ethernet Port 7" slot="12" model="10/100 Ethernet 8 Port Bank"/>
            <default_io name_on_component="Ethernet Port 7" slot="12" model="10/100/1000 Ethernet 8 Port Bank"/>
            <default_io name_on_component="Ethernet Port 7" slot="12" model="802.11 WiFi 8 Port Bank"/>
        </data>
        <data logical_name="Port 96">
            <data_media type="ethernet"/>
            <default_io name_on_component="Ethernet Port 8" slot="12" model="10/100 Ethernet 8 Port Bank"/>
            <default_io name_on_component="Ethernet Port 8" slot="12" model="10/100/1000 Ethernet 8 Port Bank"/>
            <default_io name_on_component="Ethernet Port 8" slot="12" model="802.11 WiFi 8 Port Bank"/>
        </data>
    </logical_ios>
    <logical_component logical_component_name="Network Switch">
        <implementation>
            <data logical_name="Port 1"/>
            <data logical_name="Port 2"/>
            <data logical_name="Port 3"/>
            <data logical_name="Port 4"/>
            <data logical_name="Port 5"/>
            <data logical_name="Port 6"/>
            <data logical_name="Port 7"/>
            <data logical_name="Port 8"/>
            <data logical_name="Port 9"/>
            <data logical_name="Port 10"/>
            <data logical_name="Port 11"/>
            <data logical_name="Port 12"/>
            <data logical_name="Port 13"/>
            <data logical_name="Port 14"/>
            <data logical_name="Port 15"/>
            <data logical_name="Port 16"/>
            <data logical_name="Port 17"/>
            <data logical_name="Port 18"/>
            <data logical_name="Port 19"/>
            <data logical_name="Port 20"/>
            <data logical_name="Port 21"/>
            <data logical_name="Port 22"/>
            <data logical_name="Port 23"/>
            <data logical_name="Port 24"/>
            <data logical_name="Port 25"/>
            <data logical_name="Port 26"/>
            <data logical_name="Port 27"/>
            <data logical_name="Port 28"/>
            <data logical_name="Port 29"/>
            <data logical_name="Port 30"/>
            <data logical_name="Port 31"/>
            <data logical_name="Port 32"/>
            <data logical_name="Port 33"/>
            <data logical_name="Port 34"/>
            <data logical_name="Port 35"/>
            <data logical_name="Port 36"/>
            <data logical_name="Port 37"/>
            <data logical_name="Port 38"/>
            <data logical_name="Port 39"/>
            <data logical_name="Port 40"/>
            <data logical_name="Port 41"/>
            <data logical_name="Port 42"/>
            <data logical_name="Port 43"/>
            <data logical_name="Port 44"/>
            <data logical_name="Port 45"/>
            <data logical_name="Port 46"/>
            <data logical_name="Port 47"/>
            <data logical_name="Port 48"/>
            <data logical_name="Port 49"/>
            <data logical_name="Port 50"/>
            <data logical_name="Port 51"/>
            <data logical_name="Port 52"/>
            <data logical_name="Port 53"/>
            <data logical_name="Port 54"/>
            <data logical_name="Port 55"/>
            <data logical_name="Port 56"/>
            <data logical_name="Port 57"/>
            <data logical_name="Port 58"/>
            <data logical_name="Port 59"/>
            <data logical_name="Port 60"/>
            <data logical_name="Port 61"/>
            <data logical_name="Port 62"/>
            <data logical_name="Port 63"/>
            <data logical_name="Port 64"/>
            <data logical_name="Port 65"/>
            <data logical_name="Port 66"/>
            <data logical_name="Port 67"/>
            <data logical_name="Port 68"/>
            <data logical_name="Port 69"/>
            <data logical_name="Port 70"/>
            <data logical_name="Port 71"/>
            <data logical_name="Port 72"/>
            <data logical_name="Port 73"/>
            <data logical_name="Port 74"/>
            <data logical_name="Port 75"/>
            <data logical_name="Port 76"/>
            <data logical_name="Port 77"/>
            <data logical_name="Port 78"/>
            <data logical_name="Port 79"/>
            <data logical_name="Port 80"/>
            <data logical_name="Port 81"/>
            <data logical_name="Port 82"/>
            <data logical_name="Port 83"/>
            <data logical_name="Port 84"/>
            <data logical_name="Port 85"/>
            <data logical_name="Port 86"/>
            <data logical_name="Port 87"/>
            <data logical_name="Port 88"/>
            <data logical_name="Port 89"/>
            <data logical_name="Port 90"/>
            <data logical_name="Port 91"/>
            <data logical_name="Port 92"/>
            <data logical_name="Port 93"/>
            <data logical_name="Port 94"/>
            <data logical_name="Port 95"/>
            <data logical_name="Port 96"/>
        </implementation>
    </logical_component>
</component>