<?xml version="1.0" encoding="UTF-8"?>
<component xmlns:xsi="http://www.w3.org/2001/XMLSchema-instance" xsi:noNamespaceSchemaLocation="racepoint_component_profile.xsd" manufacturer="Sony" model="PlayStation 4" device_class="Game_console" minimum_component_engine_version="0.0" rpm_xml_version="1.1">    
    
    <media_interfaces>
        <output name_on_component="HDMI OUT">
            <combined_media>
                <audio_media type="hdmi_audio"></audio_media>
                <video_media type="hdmi"></video_media>
            </combined_media>
            <resource resource_type="AV_GAME_SOURCE"></resource>
        </output>
        <output name_on_component="DIGITAL OUT (OPTICAL)">
            <audio_media type="optical_digital"></audio_media>
            <resource resource_type="AV_GAME_SOURCE"></resource>
        </output>
    </media_interfaces>   
    
    <logical_component logical_component_name="Game_console">
        <implementation>
            <output name_on_component="HDMI OUT"/>
            <output name_on_component="DIGITAL OUT (OPTICAL)"/>
        </implementation>
    </logical_component>
</component>