<?xml version="1.0" encoding="UTF-8"?>
<component xmlns:xsi="http://www.w3.org/2001/XMLSchema-instance"
    xsi:noNamespaceSchemaLocation="racepoint_component_profile.xsd" manufacturer="Savant" model="SmartControl 25" alias="SSC-0025-00, SSC-P025" unique_identifier="savant_id" device_class="RacePointMedia_control_extender" minimum_component_engine_version="0" rpm_xml_version="1.5" minimum_compatible_xml_version="1.3">

	<notes>
		====================== Change Log ==================
		Version: 1.5 Change: Version Number bump to support new Savant Revisioning Scheme.  Risk: Low Importance: Forced
	</notes>
    <component_properties>
        <always_on_allowed>false</always_on_allowed>
        <internal_id>smartcontrol25</internal_id>
    </component_properties>
    
    <device_control_interfaces>
        
        <rs232 name_on_component="RS-232/422/485 1" connector_type="rj45">
            <baud_rate baud_rate="300"/>
            <baud_rate baud_rate="600"/>
            <baud_rate baud_rate="1200"/>
            <baud_rate baud_rate="1800"/>
            <baud_rate baud_rate="2400"/>
            <baud_rate baud_rate="3600"/>
            <baud_rate baud_rate="4800"/>
            <baud_rate baud_rate="7200"/>
            <baud_rate baud_rate="9600"/>
            <baud_rate baud_rate="14400"/>
            <baud_rate baud_rate="19200"/>
            <baud_rate baud_rate="28800"/>
            <baud_rate baud_rate="38400"/>
            <baud_rate baud_rate="57600"/>
            <baud_rate baud_rate="115200"/>
            <data_length data_length="5"/>
            <data_length data_length="6"/>
            <data_length data_length="7"/>
            <data_length data_length="8"/>
            <parity_bit parity_bit="even"/>
            <parity_bit parity_bit="odd"/>
            <parity_bit parity_bit="no"/>
            <stop_bit stop_bit="1"/>
            <stop_bit stop_bit="1.5"/>
            <stop_bit stop_bit="2"/>
            <flow_control flow_control="none"/>
            <flow_control flow_control="hardware"/>
            <flow_control flow_control="software"/>
        </rs232>
        <rs232 name_on_component="RS-232/422/485 2" connector_type="rj45">
            <baud_rate baud_rate="300"/>
            <baud_rate baud_rate="600"/>
            <baud_rate baud_rate="1200"/>
            <baud_rate baud_rate="1800"/>
            <baud_rate baud_rate="2400"/>
            <baud_rate baud_rate="3600"/>
            <baud_rate baud_rate="4800"/>
            <baud_rate baud_rate="7200"/>
            <baud_rate baud_rate="9600"/>
            <baud_rate baud_rate="14400"/>
            <baud_rate baud_rate="19200"/>
            <baud_rate baud_rate="28800"/>
            <baud_rate baud_rate="38400"/>
            <baud_rate baud_rate="57600"/>
            <baud_rate baud_rate="115200"/>
            <data_length data_length="5"/>
            <data_length data_length="6"/>
            <data_length data_length="7"/>
            <data_length data_length="8"/>
            <parity_bit parity_bit="even"/>
            <parity_bit parity_bit="odd"/>
            <parity_bit parity_bit="no"/>
            <stop_bit stop_bit="1"/>
            <stop_bit stop_bit="1.5"/>
            <stop_bit stop_bit="2"/>
            <flow_control flow_control="none"/>
            <flow_control flow_control="hardware"/>
            <flow_control flow_control="software"/>
        </rs232>
        <rs232 name_on_component="RS-232/422/485 3" connector_type="rj45">
            <baud_rate baud_rate="300"/>
            <baud_rate baud_rate="600"/>
            <baud_rate baud_rate="1200"/>
            <baud_rate baud_rate="1800"/>
            <baud_rate baud_rate="2400"/>
            <baud_rate baud_rate="3600"/>
            <baud_rate baud_rate="4800"/>
            <baud_rate baud_rate="7200"/>
            <baud_rate baud_rate="9600"/>
            <baud_rate baud_rate="14400"/>
            <baud_rate baud_rate="19200"/>
            <baud_rate baud_rate="28800"/>
            <baud_rate baud_rate="38400"/>
            <baud_rate baud_rate="57600"/>
            <baud_rate baud_rate="115200"/>
            <data_length data_length="5"/>
            <data_length data_length="6"/>
            <data_length data_length="7"/>
            <data_length data_length="8"/>
            <parity_bit parity_bit="even"/>
            <parity_bit parity_bit="odd"/>
            <parity_bit parity_bit="no"/>
            <stop_bit stop_bit="1"/>
            <stop_bit stop_bit="1.5"/>
            <stop_bit stop_bit="2"/>
            <flow_control flow_control="none"/>
            <flow_control flow_control="software"/>
        </rs232>
        <rs232 name_on_component="RS-232/422/485 4" connector_type="rj45">
            <baud_rate baud_rate="300"/>
            <baud_rate baud_rate="600"/>
            <baud_rate baud_rate="1200"/>
            <baud_rate baud_rate="1800"/>
            <baud_rate baud_rate="2400"/>
            <baud_rate baud_rate="3600"/>
            <baud_rate baud_rate="4800"/>
            <baud_rate baud_rate="7200"/>
            <baud_rate baud_rate="9600"/>
            <baud_rate baud_rate="14400"/>
            <baud_rate baud_rate="19200"/>
            <baud_rate baud_rate="28800"/>
            <baud_rate baud_rate="38400"/>
            <baud_rate baud_rate="57600"/>
            <baud_rate baud_rate="115200"/>
            <data_length data_length="5"/>
            <data_length data_length="6"/>
            <data_length data_length="7"/>
            <data_length data_length="8"/>
            <parity_bit parity_bit="even"/>
            <parity_bit parity_bit="odd"/>
            <parity_bit parity_bit="no"/>
            <stop_bit stop_bit="1"/>
            <stop_bit stop_bit="1.5"/>
            <stop_bit stop_bit="2"/>
            <flow_control flow_control="none"/>
            <flow_control flow_control="software"/>
        </rs232>
        <rs232 name_on_component="RS-232/422/485 5" connector_type="rj45">
            <baud_rate baud_rate="300"/>
            <baud_rate baud_rate="600"/>
            <baud_rate baud_rate="1200"/>
            <baud_rate baud_rate="1800"/>
            <baud_rate baud_rate="2400"/>
            <baud_rate baud_rate="3600"/>
            <baud_rate baud_rate="4800"/>
            <baud_rate baud_rate="7200"/>
            <baud_rate baud_rate="9600"/>
            <baud_rate baud_rate="14400"/>
            <baud_rate baud_rate="19200"/>
            <baud_rate baud_rate="28800"/>
            <baud_rate baud_rate="38400"/>
            <baud_rate baud_rate="57600"/>
            <baud_rate baud_rate="115200"/>
            <data_length data_length="5"/>
            <data_length data_length="6"/>
            <data_length data_length="7"/>
            <data_length data_length="8"/>
            <parity_bit parity_bit="even"/>
            <parity_bit parity_bit="odd"/>
            <parity_bit parity_bit="no"/>
            <stop_bit stop_bit="1"/>
            <stop_bit stop_bit="1.5"/>
            <stop_bit stop_bit="2"/>
            <flow_control flow_control="none"/>
            <flow_control flow_control="software"/>
        </rs232>
        <rs232 name_on_component="RS-232/422/485 6" connector_type="rj45">
            <baud_rate baud_rate="300"/>
            <baud_rate baud_rate="600"/>
            <baud_rate baud_rate="1200"/>
            <baud_rate baud_rate="1800"/>
            <baud_rate baud_rate="2400"/>
            <baud_rate baud_rate="3600"/>
            <baud_rate baud_rate="4800"/>
            <baud_rate baud_rate="7200"/>
            <baud_rate baud_rate="9600"/>
            <baud_rate baud_rate="14400"/>
            <baud_rate baud_rate="19200"/>
            <baud_rate baud_rate="28800"/>
            <baud_rate baud_rate="38400"/>
            <baud_rate baud_rate="57600"/>
            <baud_rate baud_rate="115200"/>
            <data_length data_length="5"/>
            <data_length data_length="6"/>
            <data_length data_length="7"/>
            <data_length data_length="8"/>
            <parity_bit parity_bit="even"/>
            <parity_bit parity_bit="odd"/>
            <parity_bit parity_bit="no"/>
            <stop_bit stop_bit="1"/>
            <stop_bit stop_bit="1.5"/>
            <stop_bit stop_bit="2"/>
            <flow_control flow_control="none"/>
            <flow_control flow_control="software"/>
        </rs232>
        <rs232 name_on_component="RS-232/422/485 7" connector_type="rj45">
            <baud_rate baud_rate="300"/>
            <baud_rate baud_rate="600"/>
            <baud_rate baud_rate="1200"/>
            <baud_rate baud_rate="1800"/>
            <baud_rate baud_rate="2400"/>
            <baud_rate baud_rate="3600"/>
            <baud_rate baud_rate="4800"/>
            <baud_rate baud_rate="7200"/>
            <baud_rate baud_rate="9600"/>
            <baud_rate baud_rate="14400"/>
            <baud_rate baud_rate="19200"/>
            <baud_rate baud_rate="28800"/>
            <baud_rate baud_rate="38400"/>
            <baud_rate baud_rate="57600"/>
            <baud_rate baud_rate="115200"/>
            <data_length data_length="5"/>
            <data_length data_length="6"/>
            <data_length data_length="7"/>
            <data_length data_length="8"/>
            <parity_bit parity_bit="even"/>
            <parity_bit parity_bit="odd"/>
            <parity_bit parity_bit="no"/>
            <stop_bit stop_bit="1"/>
            <stop_bit stop_bit="1.5"/>
            <stop_bit stop_bit="2"/>
            <flow_control flow_control="none"/>
            <flow_control flow_control="software"/>
        </rs232>
        <rs232 name_on_component="RS-232/422/485 8" connector_type="rj45">
            <baud_rate baud_rate="300"/>
            <baud_rate baud_rate="600"/>
            <baud_rate baud_rate="1200"/>
            <baud_rate baud_rate="1800"/>
            <baud_rate baud_rate="2400"/>
            <baud_rate baud_rate="3600"/>
            <baud_rate baud_rate="4800"/>
            <baud_rate baud_rate="7200"/>
            <baud_rate baud_rate="9600"/>
            <baud_rate baud_rate="14400"/>
            <baud_rate baud_rate="19200"/>
            <baud_rate baud_rate="28800"/>
            <baud_rate baud_rate="38400"/>
            <baud_rate baud_rate="57600"/>
            <baud_rate baud_rate="115200"/>
            <data_length data_length="5"/>
            <data_length data_length="6"/>
            <data_length data_length="7"/>
            <data_length data_length="8"/>
            <parity_bit parity_bit="even"/>
            <parity_bit parity_bit="odd"/>
            <parity_bit parity_bit="no"/>
            <stop_bit stop_bit="1"/>
            <stop_bit stop_bit="1.5"/>
            <stop_bit stop_bit="2"/>
            <flow_control flow_control="none"/>
            <flow_control flow_control="software"/>
        </rs232>
        
        
        <ir name_on_component="IR(Serial PWM) Output 1" connector_type="ir_control_captive_screw"/>
        <ir name_on_component="IR(Serial PWM) Output 2" connector_type="ir_control_captive_screw"/>
        <ir name_on_component="IR(Serial PWM) Output 3" connector_type="ir_control_captive_screw"/>
        <ir name_on_component="IR(Serial PWM) Output 4" connector_type="ir_control_captive_screw"/>
        <ir name_on_component="IR(Serial PWM) Output 5" connector_type="ir_control_captive_screw"/>
        <ir name_on_component="IR(Serial PWM) Output 6" connector_type="ir_control_captive_screw"/>
        
        <trigger name_on_component="GPIO 1" connector_type="trigger_control_captive_screw" bidirectional="true"/>
        <trigger name_on_component="GPIO 2" connector_type="trigger_control_captive_screw" bidirectional="true"/>
        <trigger name_on_component="GPIO 3" connector_type="trigger_control_captive_screw" bidirectional="true"/>
        <trigger name_on_component="GPIO 4" connector_type="trigger_control_captive_screw" bidirectional="true"/>
        <trigger name_on_component="GPIO 5" connector_type="trigger_control_captive_screw" bidirectional="true"/>
        <trigger name_on_component="GPIO 6" connector_type="trigger_control_captive_screw" bidirectional="true"/>
        <trigger name_on_component="GPIO 7" connector_type="trigger_control_captive_screw" bidirectional="true"/>
        
        <relay name_on_component="Relay NO/NC 1" connector_type="relay_control_captive_screw"/>
        <relay name_on_component="Relay NO/NC 2" connector_type="relay_control_captive_screw"/>
        <relay name_on_component="Relay NO/NC 3" connector_type="relay_control_captive_screw"/>
    </device_control_interfaces>
    
    <media_interfaces>
        <data name_on_component="Ethernet">
            <data_media type="ethernet"/>
        </data>
    </media_interfaces>

       <logical_component logical_component_name="Controller">
           <implementation/>
       </logical_component>
</component>