<?xml version="1.0" encoding="UTF-8"?>
<component xmlns:xsi="http://www.w3.org/2001/XMLSchema-instance"
    xsi:noNamespaceSchemaLocation="racepoint_component_profile.xsd" 
    manufacturer="Savant" 
    model="Linux Smart Host 2" 
    alias="HST-SMRTD-10, HST-SMRTD-20, SVR-SMRTD-10"
    device_class="RacePointMedia_host"  
    unique_identifier="savant_id" 
    minimum_component_engine_version="7.2" 
    rpm_xml_version="1.17" minimum_compatible_xml_version="1.7">
    
	<notes>
		====================== Change Log ==================
		Version: 1.17 Change: AmbientLevel feedback states added.  Risk: Low Importance: Helpful
		Version: 1.16 Change: Added fan states  Risk: Medium Importance: Critical
		Version: 1.15 Change: Added Fan entity to lighting  Risk: Medium Importance: Critical
		Version: 1.14 Change: Minimum Engine defined as 7.2 for new Lighting service.  Risk: Low Importance: Helpful
		Version: 1.13 Change: Fixes to component property order to adhere to new schema.  Risk: Low Importance: Critical
		Version: 1.12 Change: Fixes to feedback state data types (string, integer).  Risk: Low Importance: Critical
		Version: 1.11 Change: CurrentLEDState state to string  Risk: High Importance: Critical
		Version: 1.10 Change: Lighting resource fixes  Risk: Low Importance: Helpful
		Version: 1.9 Change: Add support for True Control instances  Risk: Low Importance: Forced
		Version: 1.8 Change: Updated notes for lighting resource  Risk: Low Importance: Helpful
		Version: 1.7 Change: Remove PowerOn &amp; PowerOff from profile (unused).  Risk: Low Importance: Forced
		Version: 1.6 Change: Updated with scene feedback  Risk: Medium Importance: Helpful
		Version: 1.5 Change: Fixed states in Blueprint  Risk: Medium Importance: Critical
		Version: 1.4 Change: Fixes for lighting resource  Risk: Low Importance: Critical
		Version: 1.3 Change: Added Scene support for lighting  Risk: Medium Importance: Helpful
		Version: 1.2 Change: Additional features for lighting support  Risk: Medium Importance: Critical
	</notes>
    <component_properties>
        <coprocessor_required type="LTC"/>
        <always_on_allowed>false</always_on_allowed>
        <coprocessor_sends_svc_requests>true</coprocessor_sends_svc_requests>
        <user_interface_support>no</user_interface_support>
        <allows_user_interface_bundles instance_limit="3">yes</allows_user_interface_bundles>
        <host_os>NUC Linux</host_os>
        <disable_resources_by_default resource_type="ENV_LIGHTINGCONTROLLER_SOURCE"/>
    </component_properties>
    
    <media_interfaces>
        <output name_on_component="VGA">
            <video_media type="vga"/>
        </output>
        <output name_on_component="HDMI">
            <video_media type="hdmi"/>
        </output>
        <output name_on_component="Analog Audio Out">
            <audio_media type="analog_minijack"/>
            <resource resource_type="ENV_AV_DOORBELL_SOURCE"/>
        </output>
        <data name_on_component="Ethernet">
            <data_media type="ethernet"/>
        </data>
        <data name_on_component="USB (front)">
            <data_media type="usb"/>
        </data>
        <data name_on_component="USB (top)">
            <data_media type="usb"/>
        </data>
        <data name_on_component="USB (bottom)">
            <data_media type="usb"/>
        </data>

        <internal name_on_component="Lighting">
            <environmental_media></environmental_media>
            <resource resource_type="ENV_LIGHTINGCONTROLLER_SOURCE"/>
        </internal>
    </media_interfaces>
    
    <state_variable_list>
        <state_variable name="TempValue">2</state_variable>
        <state_variable name="Address2TempValue"></state_variable>
    </state_variable_list>
    
    <logical_component logical_component_name="RacePointMedia_host">
        <implementation>
            <output name_on_component="VGA"/>
            <output name_on_component="HDMI"></output>
            <output name_on_component="Analog Audio Out"></output>
            <internal name_on_component="Lighting"/>
        </implementation>
        <status_messages>
            <status_message name="AmbientLevel">
                <data type="character">
                    <update state="CurrentAmbientLevel" type="integer"></update>
                </data>
                <append_data_to_state_names state="ModuleAddress"/>
            </status_message>
            <status_message name="DimmerLevel">
                <data type="character">
                    <update state="CurrentDimmerLevel" type="integer"></update>
                </data>
                <append_data_to_state_names state="LoadNumber"/>
                <append_data_to_state_names state="ModuleAddress"/>
            </status_message>
            <status_message name="FanEnum">
                <data type="character">
                    <update state="CurrentFanEnum" type="integer"></update>
                </data>
                <append_data_to_state_names state="ModuleAddress"/>
            </status_message>
            <status_message name="ButtonState">
                <data type="character">
                    <update state="CurrentButtonState" type="string"></update>
                </data>
                <append_data_to_state_names state="ModuleAddress"/>
                <append_data_to_state_names state="ButtonNumber"/>
            </status_message>
            <status_message name="LEDState">
                <data type="character">
                    <update state="CurrentLEDState" type="integer"></update>
                </data>
                <append_data_to_state_names state="LEDNumber"/>
                <append_data_to_state_names state="ModuleAddress"/>
            </status_message>
            <status_message name="SceneState">
                <data type="character">
                    <update state="IsSceneActive" type="boolean"></update>
                </data>
                <append_data_to_state_names state="SceneName"/>
            </status_message>
            
            <status_message name="CurrentFanStatus">
                <data type="character">
                    <update state="CurrentFanStatus" type="string"></update>
                </data>
                <append_data_to_state_names state="LoadNumber"/>
                <append_data_to_state_names state="ModuleAddress"/>
            </status_message>
            <status_message name="CurrentFanEnum">
                <data type="character">
                    <update state="CurrentFanEnum" type="integer"></update>
                </data>
                <append_data_to_state_names state="LoadNumber"/>
                <append_data_to_state_names state="ModuleAddress"/>
            </status_message>
            <status_message name="IsFanOff">
                <data type="character">
                    <update state="IsFanOff" type="boolean"></update>
                </data>
                <append_data_to_state_names state="LoadNumber"/>
                <append_data_to_state_names state="ModuleAddress"/>
            </status_message>
            <status_message name="IsFanLow">
                <data type="character">
                    <update state="IsFanLow" type="boolean"></update>
                </data>
                <append_data_to_state_names state="LoadNumber"/>
                <append_data_to_state_names state="ModuleAddress"/>
            </status_message>
            <status_message name="IsFanMed">
                <data type="character">
                    <update state="IsFanMed" type="boolean"></update>
                </data>
                <append_data_to_state_names state="LoadNumber"/>
                <append_data_to_state_names state="ModuleAddress"/>
            </status_message>
            <status_message name="IsFanHigh">
                <data type="character">
                    <update state="IsFanHigh" type="boolean"></update>
                </data>
                <append_data_to_state_names state="LoadNumber"/>
                <append_data_to_state_names state="ModuleAddress"/>
            </status_message>
        </status_messages>

        <resource_component_actions resource_type="ENV_LIGHTINGCONTROLLER_SOURCE">
            <action name="ButtonPress">
                <action_argument name="Address1" note="Savant Lighting Device Address (000 - 3FF)"/>
                <action_argument name="Address2" note="Savant Keypad Button Address (0 - F)"/>
                <action_argument name="Address3" note="not used"/>
                <action_argument name="Address4" note="not used"/>
                <action_argument name="Address5" note="not used"/>
                <action_argument name="Address6" note="not used"/>
                <command_interface interface="ip">
                    <command response_required="yes">
                        <command_string></command_string>
                        <delay ms_delay="200"/>
                    </command>
                </command_interface>
            </action>
            <action name="ButtonHold">
                <action_argument name="Address1" note="Savant Lighting Device Address (000 - 3FF)"/>
                <action_argument name="Address2" note="Savant Keypad Button Address (0 - F)"/>
                <action_argument name="Address3" note="not used"/>
                <action_argument name="Address4" note="not used"/>
                <action_argument name="Address5" note="not used"/>
                <action_argument name="Address6" note="not used"/>
                
                <command_interface interface="ip">
                    <command response_required="yes">
                        <command_string></command_string>
                        <delay ms_delay="200"/>
                    </command>
                </command_interface>
            </action>
            <action name="ButtonRelease">
                <action_argument name="Address1" note="Savant Lighting Device Address (000 - 3FF)"/>
                <action_argument name="Address2" note="Savant Keypad Button Address (0 - F)"/>
                <action_argument name="Address3" note="not used"/>
                <action_argument name="Address4" note="not used"/>
                <action_argument name="Address5" note="not used"/>
                <action_argument name="Address6" note="not used"/>
                
                <command_interface interface="ip">
                    <command response_required="yes">
                        <command_string></command_string>
                        <delay ms_delay="200"/>
                    </command>
                </command_interface>
            </action>
            <action name="ButtonPressAndRelease">
                <action_argument name="Address1" note="Savant Lighting Device Address (000 - 3FF)"/>
                <action_argument name="Address2" note="Savant Keypad Button Address (0 - F)"/>
                <action_argument name="Address3" note="not used"/>
                <action_argument name="Address4" note="not used"/>
                <action_argument name="Address5" note="not used"/>
                <action_argument name="Address6" note="not used"/>
                
                <command_interface interface="ip">
                    <command response_required="yes">
                        <command_string></command_string>
                        <delay ms_delay="200"/>
                    </command>
                </command_interface>
            </action>
            <action name="SetLEDOn">
                <action_argument name="StationNumber" note="Enter the Station Number (000 - 3FF)"/>
                <action_argument name="ButtonNumber" note="Enter the Button Number (0 - 9)"/>
                <command_interface interface="ip">
                    <command response_required="yes">
                        <command_string></command_string>
                        <delay ms_delay="200"/>
                    </command>
                </command_interface>
            </action>
            <action name="SetLEDOff">
                <action_argument name="StationNumber" note="Enter the Station Number (000 - 3FF)"/>
                <action_argument name="ButtonNumber" note="Enter the Button Number (0 - 9)"/>
                <command_interface interface="ip">
                    <command response_required="yes">
                        <command_string></command_string>
                        <delay ms_delay="200"/>
                    </command>
                </command_interface>
            </action>
            <action name="RFDimmerIncrease">
                <action_argument name="Address1" note="Enter the Load Group ID (0-999)"/>
                <action_argument name="Address2" note="not used"/>
                <action_argument name="Address3" note="not used"/>
                <action_argument name="Address4" note="not used"/>
                <action_argument name="Address5" note="not used"/>
                <action_argument name="Address6" note="not used"/>
                
                <command_interface interface="ip">
                    <command response_required="yes">
                        <command_string></command_string>
                        <delay ms_delay="200"/>
                    </command>
                </command_interface>
            </action>
            <action name="RFDimmerDecrease">
                <action_argument name="Address1" note="Enter the Load Group ID (0-999)"/>
                <action_argument name="Address2" note="not used"/>
                <action_argument name="Address3" note="not used"/>
                <action_argument name="Address4" note="not used"/>
                <action_argument name="Address5" note="not used"/>
                <action_argument name="Address6" note="not used"/>
                  
                <command_interface interface="ip">
                    <command response_required="yes">
                        <command_string></command_string>
                        <delay ms_delay="200"/>
                    </command>
                </command_interface>
            </action>
            <action name="RFDimmerSet">
                <action_argument name="Address1" note="Enter the Load Group ID (0-999)"/>
                <action_argument name="Address2" note="not used"/>
                <action_argument name="Address3" note="not used"/>
                <action_argument name="Address4" note="not used"/>
                <action_argument name="Address5" note="not used"/>
                <action_argument name="Address6" note="not used"/>
                <action_argument name="DimmerLevel" note="Enter the Desired Value (0 - 100), %"/>
                <action_argument name="FadeTime" note="not used"/>
                <action_argument name="DelayTime" note="not used"/>
                
                <command_interface interface="ip">
                    <command response_required="yes">
                        <command_string></command_string>
                        <delay ms_delay="200"/>
                    </command>
                </command_interface>
            </action>
            <action name="DimmerSet">
                <action_argument name="Address1" note="Module Address that contains Load (000 - 3FF)"/>
                <action_argument name="Address2" note="Load Number on Module Addressed in Address1 (0-7)"/>
                <action_argument name="Address3" note="not used"/>
                <action_argument name="Address4" note="not used"/>
                <action_argument name="Address5" note="not used"/>
                <action_argument name="Address6" note="not used"/>
                <action_argument name="DimmerLevel" note="Enter the Desired Value (0 - 100), %"/>
                <action_argument name="FadeTime" note="Enter the duration (in seconds) for the transtion to the target dimmer level. (0 - 99)"/>
                <action_argument name="DelayTime" note="not used"/>
                <update_state_variable name="TempValue" update_type="set" update_source="action_argument">Address2</update_state_variable>
                <update_state_variable name="TempValue" update_type="decrement" update_source="constant">1</update_state_variable>
                <update_state_variable name="Address2TempValue" update_type="set" update_source="constant">2</update_state_variable>
                <update_state_variable name="Address2TempValue" update_type="raise_to_the_power_of" update_source="state_variable">TempValue</update_state_variable>
                
                <command_interface interface="ip">
                    <command response_required="yes">
                        <command_string></command_string>
                        <delay ms_delay="200"/>
                    </command>
                </command_interface>
            </action>
            <action name="FanSet">
                <action_argument name="Address1" note="Module Address that contains Load (000 - 3FF)"/>
                <action_argument name="Address2" note="not used"/>
                <action_argument name="Address3" note="not used"/>
                <action_argument name="Address4" note="not used"/>
                <action_argument name="Address5" note="not used"/>
                <action_argument name="Address6" note="not used"/>
                <action_argument name="FanSpeed" note="Enter the Desired Value (0=off, 1=low, 2=medium, 3=high)"/>
                <update_state_variable name="FanSet" update_type="set" update_source="action_argument">FanSpeed</update_state_variable>
                <command_interface interface="ip">
                    <command response_required="yes">
                        <command_string></command_string>
                        <delay ms_delay="200"/>
                    </command>
                </command_interface>
            </action>
           <action name="SwitchOn">
                <action_argument name="Address1" note="Module Address that contains Load (000 - 3FF)"/>
                <action_argument name="Address2" note="Load Number on Module Addressed in Address1 (0-7)"/>
                <action_argument name="Address3" note="not used"/>
                <action_argument name="Address4" note="not used"/>
                <action_argument name="Address5" note="not used"/>
                <action_argument name="Address6" note="not used"/>
                <update_state_variable name="TempValue" update_type="set" update_source="action_argument">Address2</update_state_variable>
                <update_state_variable name="TempValue" update_type="decrement" update_source="constant">1</update_state_variable>
                <update_state_variable name="Address2TempValue" update_type="set" update_source="constant">2</update_state_variable>
                <update_state_variable name="Address2TempValue" update_type="raise_to_the_power_of" update_source="state_variable">TempValue</update_state_variable>
                
                <command_interface interface="ip">
                    <command response_required="yes">
                        <command_string></command_string>
                        <delay ms_delay="200"/>
                    </command>
                </command_interface>
            </action>
            <action name="SwitchOff">
                <action_argument name="Address1" note="Module Address that contains Load (000 - 3FF)"/>
                <action_argument name="Address2" note="Load Number on Module Addressed in Address1 (0-7)"/>
                <action_argument name="Address3" note="not used"/>
                <action_argument name="Address4" note="not used"/>
                <action_argument name="Address5" note="not used"/>
                <action_argument name="Address6" note="not used"/>
                <update_state_variable name="TempValue" update_type="set" update_source="action_argument">Address2</update_state_variable>
                <update_state_variable name="TempValue" update_type="decrement" update_source="constant">1</update_state_variable>
                <update_state_variable name="Address2TempValue" update_type="set" update_source="constant">2</update_state_variable>
                <update_state_variable name="Address2TempValue" update_type="raise_to_the_power_of" update_source="state_variable">TempValue</update_state_variable>
                
                <command_interface interface="ip">
                    <command response_required="yes">
                        <command_string></command_string>
                        <delay ms_delay="200"/>
                    </command>
                </command_interface>
            </action>
            <action name="ActivateScene">
                <action_argument name="Address1" note="Scene name"/>
                <action_argument name="Address2" note="not used"/>
                <action_argument name="Address3" note="not used"/>
                <action_argument name="Address4" note="not used"/>
                <action_argument name="Address5" note="not used"/>
                <action_argument name="Address6" note="not used"/>                
                <command_interface interface="ip">
                    <command response_required="yes">
                        <command_string></command_string>
                        <delay ms_delay="200"/>
                    </command>
                </command_interface>
            </action>
            <action name="DeactivateScene">
                <action_argument name="Address1" note="Scene name"/>
                <action_argument name="Address2" note="not used"/>
                <action_argument name="Address3" note="not used"/>
                <action_argument name="Address4" note="not used"/>
                <action_argument name="Address5" note="not used"/>
                <action_argument name="Address6" note="not used"/>                
                <command_interface interface="ip">
                    <command response_required="yes">
                        <command_string></command_string>
                        <delay ms_delay="200"/>
                    </command>
                </command_interface>
            </action>
            <entity name="Fan" address_components="2">
                <slider_representation>
                    <press_action name="FanSet"></press_action>
                    <valueSource name="CurrentFanStatus">
                        <unique_identifier name="LoadNumber" format="%01s" address_component="2"/>
                        <unique_identifier name="ModuleAddress" format="%03s" address_component="1"/>
                    </valueSource>
                </slider_representation>
            </entity>
            <entity name="Scene" address_components="1">
                <toggle_button_representation>
                    <release_action name="ActivateScene"/>
                    <toggle_release_action name="DeactivateScene"/>
                    <toggleOnUsingState name="IsSceneActive">
                        <unique_identifier name="SceneName" format="%@" address_component="1"/>
                    </toggleOnUsingState>
                </toggle_button_representation>
                
            </entity>
            <entity name="Dimmer" address_components="2">
                <slider_representation>
                    <press_action name="DimmerSet"></press_action>
                    <valueSource name="CurrentDimmerLevel">
                        <unique_identifier name="LoadNumber" format="%01s" address_component="2"/>
                        <unique_identifier name="ModuleAddress" format="%03s" address_component="1"/>
                    </valueSource>
                </slider_representation>
                <group_representation>
                    <push_button_representation >
                        <release_action name="DimmerSet">
                            <argument name="DimmerLevel" value="0"/>
                        </release_action>
                        <osd_press_action name="DimmerSet">
                            <argument name="DimmerLevel" value="0"/>
                        </osd_press_action>
                    </push_button_representation>
                    <push_button_representation >
                        <release_action name="DimmerSet">
                            <argument name="DimmerLevel" value="20"/>
                        </release_action>
                        <osd_press_action name="DimmerSet">
                            <argument name="DimmerLevel" value="20"/>
                        </osd_press_action>
                    </push_button_representation>
                    <push_button_representation >
                        <release_action name="DimmerSet">
                            <argument name="DimmerLevel" value="40"/>
                        </release_action>
                        <osd_press_action name="DimmerSet">
                            <argument name="DimmerLevel" value="40"/>
                        </osd_press_action>
                    </push_button_representation>
                    <push_button_representation >
                        <release_action name="DimmerSet">
                            <argument name="DimmerLevel" value="60"/>
                        </release_action>
                        <osd_press_action name="DimmerSet">
                            <argument name="DimmerLevel" value="60"/>
                        </osd_press_action>
                    </push_button_representation>
                    <push_button_representation >
                        <release_action name="DimmerSet">
                            <argument name="DimmerLevel" value="80"/>
                        </release_action>
                        <osd_press_action name="DimmerSet">
                            <argument name="DimmerLevel" value="80"/>
                        </osd_press_action>
                    </push_button_representation>
                    <push_button_representation >
                        <release_action name="DimmerSet">
                            <argument name="DimmerLevel" value="100"/>
                        </release_action>
                        <osd_press_action name="DimmerSet">
                            <argument name="DimmerLevel" value="100"/>
                        </osd_press_action>
                    </push_button_representation>
                </group_representation>
                <toggle_button_representation>
                    <release_action name="DimmerSet">
                        <argument name="DimmerLevel" value="100"/>
                    </release_action>
                    <toggle_action name="DimmerSet">
                        <argument name="DimmerLevel" value="0"/>
                    </toggle_action>
                    <osd_press_action name="DimmerSet">
                        <argument name="DimmerLevel" value="100"/>
                    </osd_press_action>
                    <osd_hold_action name="DimmerSet">
                        <argument name="DimmerSet" value="0"/>
                    </osd_hold_action>
                </toggle_button_representation>
                <query_status_with_action name="QueryDimmerLevelsForModule" period_ms="0">
                    <with_arg name="ModuleNumber"  address_component="1"/>
                </query_status_with_action>
            </entity>
            <entity name="Switch" address_components="2">
                <toggle_button_representation>
                    <release_action name="SwitchOn">
                    </release_action>
                    <toggle_release_action name="SwitchOff">
                    </toggle_release_action>
                    <osd_press_action name="SwitchOn">
                    </osd_press_action>
                    <osd_hold_action name="SwitchOff">
                    </osd_hold_action>
                    <toggleOnUsingState name="CurrentDimmerLevel">
                        <unique_identifier name="LoadNumber" format="%01s" address_component="2"/>
                        <unique_identifier name="ModuleAddress" format="%03s" address_component="1"/>
                    </toggleOnUsingState>
                </toggle_button_representation>   
                <query_status_with_action name="QueryDimmerLevelsForModule" period_ms="0">
                    <with_arg name="ModuleNumber"  address_component="1"/>
                </query_status_with_action>
                
            </entity>
            <entity name="Button Press And Release" address_components="2">
                <toggle_button_representation sendReleaseActionAfterHoldAction="true">
                    <press_action name="ButtonPressAndRelease"> </press_action>
                    <toggle_action name="ButtonPressAndRelease"></toggle_action>
                    <osd_press_action name="ButtonPressAndRelease"></osd_press_action>
                    <toggleOnUsingState name="CurrentLEDState_*" replaceWildCardUsingFormat="%s" replaceWildCardWithAddressComponent="2"> 
                        <unique_identifier name="StationNumber" format="%03s" address_component="1"/>
                    </toggleOnUsingState>
                </toggle_button_representation> 
                <query_status_with_action name="QueryStationLEDStates" period_ms="0">
                    <with_arg name="StationAddress"  format="%03s" address_component="1"/>
                </query_status_with_action>
            </entity>
            <entity name="Keypad Button" address_components="2">
                <toggle_button_representation sendReleaseActionAfterHoldAction="true">
                    <press_action name="ButtonPress">
                    </press_action>
                    <hold_action name="ButtonHold"></hold_action>
                    <release_action name="ButtonRelease"></release_action>
                    <toggle_action name="ButtonPress"></toggle_action>
                    <toggle_hold_action name="ButtonHold"></toggle_hold_action>
                    <toggle_release_action name="ButtonRelease"></toggle_release_action>
                    <osd_press_action name="ButtonPressAndRelease"></osd_press_action>
                    <toggleOnUsingState name="CurrentLEDState_*" replaceWildCardUsingFormat="%s" replaceWildCardWithAddressComponent="2"> 
                        <unique_identifier name="StationNumber" format="%03s" address_component="1"/>
                    </toggleOnUsingState>
                </toggle_button_representation>
            </entity>
        </resource_component_actions>
    </logical_component>
</component>
