<?xml version="1.0" encoding="UTF-8"?>
<component xmlns:xsi="http://www.w3.org/2001/XMLSchema-instance" xsi:noNamespaceSchemaLocation="racepoint_component_profile.xsd" 
    manufacturer="Generic" model="PowerAmplifier" device_class="Amplifier" minimum_component_engine_version="0" rpm_xml_version="1.15">
	<notes>
		====================== Change Log ==================
		Version: 1.15 Change: Version Number bump to support new Savant Revisioning Scheme.  Risk: Low Importance: Forced
	</notes>
    <control_interfaces preferred="trigger" control_optional="true">
        <trigger trigger_active_voltage="12" name_on_component="Trigger Input"/>
        <contact_sensor sensor_active="closed" name_on_component="Contact Sensor Input"/>
    </control_interfaces>
    
    <media_interfaces>
        <input name_on_component="Unbalanced Stereo In">
            <audio_media type="rca_stereo"/>
        </input>
        <input name_on_component="Balanced Stereo In">
            <audio_media type="preamp_stereo_xlr_balanced"/>
        </input>
        <input name_on_component="Unbalanced Surround In">
            <audio_media type="5.1_surround_rca"/>
            <audio_media type="6.1_surround_rca"/>
            <audio_media type="7.1_surround_rca"/>
        </input>
        <input name_on_component="Balanced Surround In">
            <audio_media type="5.1_surround_xlr_balanced"/>
            <audio_media type="6.1_surround_xlr_balanced"/>
            <audio_media type="7.1_surround_xlr_balanced"/>
        </input>
        <output name_on_component="Surround Out">
            <audio_media type="speakers_5.1_surround"/>
            <audio_media type="speakers_5.1_surround_xlr_balanced"/>
            <audio_media type="speakers_7.1_surround"/>
            <audio_media type="speakers_7.1_surround_xlr_balanced"/>
            <resource resource_type="AV_AMPLIFIER_FUNCTION"/>
            <resource resource_type="AV_SURROUNDSOUNDPROCESSOR_FUNCTION"/>
        </output>
        <output name_on_component="Stereo Out">
            <audio_media type="speakers_stereo"/>
            <audio_media type="speakers_stereo_xlr_balanced"/>
            <resource resource_type="AV_AMPLIFIER_FUNCTION"/>
        </output>
    </media_interfaces>

    <state_variable_list>
        <state_variable name="Current_trigger_state" owning_logical_component="Amplifier" state_center_binding="TriggerLevel" state_center_type="string">Low</state_variable>
        <state_variable name="Current_relay_state" owning_logical_component="Amplifier" state_center_binding="RelayState" state_center_type="string">open</state_variable>
    </state_variable_list>
    
    <logical_component logical_component_name="Amplifier">
        <implementation>
            <input name_on_component="Unbalanced Stereo In"/>
            <input name_on_component="Balanced Stereo In"/>
            <input name_on_component="Unbalanced Surround In"/>
            <input name_on_component="Balanced Surround In"/>
            <output name_on_component="Stereo Out"/>
            <output name_on_component="Surround Out"/>
        </implementation>
        
        <status_messages>
            <status_message name="Device Status">
                <data type="character">
                    <update state="TriggerLevel" type="string"></update>
                </data>
                <data type="character">
                    <update state="RelayState" type="string"></update>
                </data>
            </status_message>
        </status_messages>
        
        <universal_component_actions>
            <action name="PowerOn">
                <update_state_variable name="Current_trigger_state" update_type="set" update_source="constant">High</update_state_variable>
                <update_state_variable name="Current_relay_state" update_type="set" update_source="constant">closed</update_state_variable>
                <command_interface interface="trigger">
                    <command response_required="no">
                        <command_string>12</command_string>
                    </command>
                </command_interface>
                <command_interface interface="contact_sensor">
                    <command response_required="no">
                        <command_string>closed</command_string>
                    </command>
                </command_interface>
            </action>
            
            <action name="PowerOff">
                <update_state_variable name="Current_trigger_state" update_type="set" update_source="constant">Low</update_state_variable>
                <update_state_variable name="Current_relay_state" update_type="set" update_source="constant">open</update_state_variable>
                <command_interface interface="trigger">
                    <command response_required="no">
                        <command_string>0</command_string>
                    </command>
                </command_interface>
                <command_interface interface="contact_sensor">
                    <command response_required="no">
                        <command_string>open</command_string>
                    </command>
                </command_interface>
            </action>
        </universal_component_actions>
        
    </logical_component>
</component>