<?xml version="1.0" encoding="UTF-8"?>
<component xmlns:xsi="http://www.w3.org/2001/XMLSchema-instance" xsi:noNamespaceSchemaLocation="racepoint_component_profile.xsd" manufacturer="Savant" model="HRX-SLN501" device_class="RacePointMedia_AV_switchprocessor" minimum_component_engine_version="0" alias="SmartLink Receiver (SLN-8xBT Receiver Box), HCX-SLN501 receiver" rpm_xml_version="1.4">
    
	<notes>
		====================== Change Log ==================
		Version: 1.4 Change:  added alias for product id where rx and tx are sold together  Risk: Low Importance: Non Critical
		Version: 1.3 Change: updated alias  Risk: Low Importance: Non Critical
		Version: 1.2 Change: Alias changes.  Risk: Low Importance: Helpful
	</notes>
    <component_properties>
        <always_on_allowed>false</always_on_allowed>
        <zone_master_allowed>false</zone_master_allowed>
        <user_interface_support>no</user_interface_support>
    </component_properties>
    
    <media_interfaces>
        <input name_on_component="Link">
            <combined_media>
                <audio_media type="link_audio"/>
                <video_media type="link"/>
            </combined_media>
        </input>
        <output name_on_component="HDMI Out">
            <combined_media>
                <audio_media type="hdmi_audio"/>
                <video_media type="hdmi"/>
            </combined_media>
        </output>
        <data name_on_component="LAN">
            <data_media type="ethernet"/>
        </data>
    </media_interfaces>
    
    <logical_component logical_component_name="Media_converter">
        <implementation>
            <input name_on_component="Link"/>
            <output name_on_component="HDMI Out"/>
        </implementation>
    </logical_component>
</component>