<?xml version="1.0" encoding="UTF-8"?>
<component xmlns:xsi="http://www.w3.org/2001/XMLSchema-instance" xsi:noNamespaceSchemaLocation="racepoint_component_profile.xsd" 
    manufacturer="Savant" model="AMP-2000" alias="AMP-2000, AMP-2000I" device_class="Amplifier" minimum_component_engine_version="0" rpm_xml_version="1.3">
	<notes>
		====================== Change Log ==================
		Version: 1.3 Change: Version Number bump to support new Savant Revisioning Scheme.  Risk: Low Importance: Forced
	</notes>
    <control_interfaces preferred="trigger" control_optional="true">
        <trigger trigger_active_voltage="12" name_on_component="Trigger Input"/>
    </control_interfaces>
    
    <media_interfaces>
        <input name_on_component="ZONE 1 L R">
            <audio_media type="rca_stereo"/>
        </input>
        <input name_on_component="ZONE 2 L R">
            <audio_media type="rca_stereo"/>
        </input>
        <input name_on_component="ZONE 3 L R">
            <audio_media type="rca_stereo"/>
        </input>
        <input name_on_component="ZONE 4 L R">
            <audio_media type="rca_stereo"/>
        </input>
        <input name_on_component="ZONE 5 L R">
            <audio_media type="rca_stereo"/>
        </input>
        <input name_on_component="ZONE 6 L R">
            <audio_media type="rca_stereo"/>
        </input>
        <input name_on_component="ZONE 7 L R">
            <audio_media type="rca_stereo"/>
        </input>
        <input name_on_component="ZONE 8 L R">
            <audio_media type="rca_stereo"/>
        </input>
        <output name_on_component="ZONE 1 + Left - - Right +">
            <audio_media type="speakers_stereo"/>
            <resource resource_type="AV_AMPLIFIER_FUNCTION"/>
        </output>
        <output name_on_component="ZONE 2 + Left - - Right +">
            <audio_media type="speakers_stereo"/>
            <resource resource_type="AV_AMPLIFIER_FUNCTION"/>
        </output>
        <output name_on_component="ZONE 3 + Left - - Right +">
            <audio_media type="speakers_stereo"/>
            <resource resource_type="AV_AMPLIFIER_FUNCTION"/>
        </output>
        <output name_on_component="ZONE 4 + Left - - Right +">
            <audio_media type="speakers_stereo"/>
            <resource resource_type="AV_AMPLIFIER_FUNCTION"/>
        </output>
        <output name_on_component="ZONE 5 + Left - - Right +">
            <audio_media type="speakers_stereo"/>
            <resource resource_type="AV_AMPLIFIER_FUNCTION"/>
        </output>
        <output name_on_component="ZONE 6 + Left - - Right +">
            <audio_media type="speakers_stereo"/>
            <resource resource_type="AV_AMPLIFIER_FUNCTION"/>
        </output>
        <output name_on_component="ZONE 7 + Left - - Right +">
            <audio_media type="speakers_stereo"/>
            <resource resource_type="AV_AMPLIFIER_FUNCTION"/>
        </output>
        <output name_on_component="ZONE 8 + Left - - Right +">
            <audio_media type="speakers_stereo"/>
            <resource resource_type="AV_AMPLIFIER_FUNCTION"/>
        </output>
    </media_interfaces>
    
    <state_variable_list>
        <state_variable name="Current_trigger_state" owning_logical_component="Amplifier" state_center_binding="TriggerLevel" state_center_type="string">Low</state_variable>
    </state_variable_list>
    
    <logical_component logical_component_name="Amplifier">
        <implementation>
            <input name_on_component="ZONE 1 L R"/>
            <output name_on_component="ZONE 1 + Left - - Right +"/>
        </implementation>
        <implementation>
            <input name_on_component="ZONE 2 L R"/>
            <output name_on_component="ZONE 2 + Left - - Right +"/>
        </implementation>
        <implementation>
            <input name_on_component="ZONE 3 L R"/>
            <output name_on_component="ZONE 3 + Left - - Right +"/>
        </implementation>
        <implementation>
            <input name_on_component="ZONE 4 L R"/>
            <output name_on_component="ZONE 4 + Left - - Right +"/>
        </implementation>
        <implementation>
            <input name_on_component="ZONE 5 L R"/>
            <output name_on_component="ZONE 5 + Left - - Right +"/>
        </implementation>
        <implementation>
            <input name_on_component="ZONE 6 L R"/>
            <output name_on_component="ZONE 6 + Left - - Right +"/>
        </implementation>
        <implementation>
            <input name_on_component="ZONE 7 L R"/>
            <output name_on_component="ZONE 7 + Left - - Right +"/>
        </implementation>
        <implementation>
            <input name_on_component="ZONE 8 L R"/>
            <output name_on_component="ZONE 8 + Left - - Right +"/>
        </implementation>
        <status_messages>
            <status_message name="Device Status">
                <data type="character">
                    <update state="TriggerLevel" type="string"></update>
                </data>
            </status_message>
        </status_messages>
        
        <universal_component_actions>
            <action name="PowerOn">
                <update_state_variable name="Current_trigger_state" update_type="set" update_source="constant">High</update_state_variable>
                <command_interface interface="trigger">
                    <command response_required="no">
                        <command_string>12</command_string>
                    </command>
                </command_interface>
            </action>
            
            <action name="PowerOff">
                <update_state_variable name="Current_trigger_state" update_type="set" update_source="constant">Low</update_state_variable>
                <command_interface interface="trigger">
                    <command response_required="no">
                        <command_string>0</command_string>
                    </command>
                </command_interface>
            </action>
            
        </universal_component_actions>
        
    </logical_component>
   
</component>