<?xml version="1.0" encoding="UTF-8"?>
<component xmlns:xsi="http://www.w3.org/2001/XMLSchema-instance" xsi:noNamespaceSchemaLocation="racepoint_component_profile.xsd" manufacturer="Motorola" model="VIP1200" device_class="Cable_box" minimum_component_engine_version="0.0" rpm_xml_version="1.11">
	<notes>
		====================== Change Log ==================
        Version: 1.10 Change: More Timed
        Version: 1.9 Change: ChannelAnalogSelect timing test
		Version: 1.8 Change: Version Number bump to support new Savant Revisioning Scheme.  Risk: Low Importance: Forced
	</notes>
    <control_interfaces preferred="ir">
        <ir ir_command_format_type="racepointmedia"/>
    </control_interfaces>
    <media_interfaces>
        <input name_on_component="TO WALL(VIDEO IN)">
            <signal type="digital_tv_coaxial"/>
        </input>
        <output name_on_component="VIDEO(TOP)">
            <video_media type="composite"/>
            <resource resource_type="AV_TV_SOURCE"/>
        </output>
        <output name_on_component="VIDEO(BOTTOM)">
            <video_media type="composite"/>
            <resource resource_type="AV_TV_SOURCE"/>
        </output>
        <output name_on_component="AUDIO(TOP)">
            <audio_media type="rca_stereo"/>
            <resource resource_type="AV_TV_SOURCE"/>
        </output>
        <output name_on_component="AUDIO(BOTTOM)">
            <audio_media type="rca_stereo"/>
            <resource resource_type="AV_TV_SOURCE"/>
        </output>
        <output name_on_component="OPTICAL">
            <audio_media type="optical_digital"/>
            <resource resource_type="AV_TV_SOURCE"/>
        </output>
        <output name_on_component="S VIDEO">
            <video_media type="s_video"/>
            <resource resource_type="AV_TV_SOURCE"/>
        </output>
        <output name_on_component="Pb Pr Y">
            <video_media type="component_coaxial"/>
            <resource resource_type="AV_TV_SOURCE"/>
        </output>
        <output name_on_component="HDMI">
            <combined_media>
                <audio_media type="hdmi_audio"/>
                <video_media type="hdmi"/>
            </combined_media>
            <resource resource_type="AV_TV_SOURCE"/>
        </output>
        <output name_on_component="TO TV(VIDEO OUT)">
            <video_media type="75ohm_coaxial"/>
            <resource resource_type="AV_TV_SOURCE"/>
        </output>
        <data name_on_component="USB">
            <data_media type="usb"/>
        </data>
        <data name_on_component="NETWORK">
            <data_media type="ethernet"/>
        </data>
    </media_interfaces>
    <state_variable_list>
        <state_variable name="Power_current_power_setting" min_value="0" max_value="1">0</state_variable>
    </state_variable_list>
    <logical_component logical_component_name="Cable_box">
        <implementation>
            <output name_on_component="VIDEO(TOP)"/>
            <output name_on_component="VIDEO(BOTTOM)"/>
            <output name_on_component="AUDIO(TOP)"/>
            <output name_on_component="AUDIO(BOTTOM)"/>
            <output name_on_component="OPTICAL"/>
            <output name_on_component="S VIDEO"/>
            <output name_on_component="Pb Pr Y"/>
            <output name_on_component="HDMI"/>
            <output name_on_component="TO TV(VIDEO OUT)"/>
        </implementation>
        <universal_component_actions>
            <action name="PowerOn">
                <execute_on_state_variable_condition name="Power_current_power_setting" test_condition="equal">0</execute_on_state_variable_condition>
                <update_state_variable name="Power_current_power_setting" update_type="set" update_source="constant">1</update_state_variable>
                <command_interface interface="ir">
                    <command response_required="no">
                        <command_string type="hex">0000000000008ccc000f000a0006000a000600160006000a0006001c0006000f0006000a0006000a0006000a0006000a000600160006000f000600160006000a0006000a0006001c0006000a00060c4c00000000</command_string>
                        <delay ms_delay="0"/>
                    </command>
                    <command response_required="no">
                        <command_string type="hex">0000000000008ccc000f000a0006000a000600160006000a0006001c0006000f0006000a0006000a0006000a0006000a000600160006000f000600160006000a0006000a0006001c0006000a00060c4c00000000</command_string>
                        <delay ms_delay="0"/>
                    </command>
                    <command response_required="no">
                        <command_string type="hex">0000000000008ccc000f000a0006000a000600160006000a0006001c0006000f0006000a0006000a0006000a0006000a000600160006000f000600160006000a0006000a0006001c0006000a00060c4c00000000</command_string>
                        <delay ms_delay="2000"/>
                    </command>
                </command_interface>
            </action>
            <action name="PowerOff">
                <update_state_variable name="Power_current_power_setting" update_type="set" update_source="constant">0</update_state_variable>
                <command_interface interface="ir">
                    <command response_required="no">
                        <command_string type="hex">0000000000008ccc000f000a0006000a000600160006000a0006001c0006000f0006000a0006000a0006000a0006000a000600160006000f000600160006000a0006000a0006001c0006000a00060c4c00000000</command_string>
                        <delay ms_delay="0"/>
                    </command>
                    <command response_required="no">
                        <command_string type="hex">0000000000008ccc000f000a0006000a000600160006000a0006001c0006000f0006000a0006000a0006000a0006000a000600160006000f000600160006000a0006000a0006001c0006000a00060c4c00000000</command_string>
                        <delay ms_delay="0"/>
                    </command>
                    <command response_required="no">
                        <command_string type="hex">0000000000008ccc000f000a0006000a000600160006000a0006001c0006000f0006000a0006000a0006000a0006000a000600160006000f000600160006000a0006000a0006001c0006000a00060c4c00000000</command_string>
                        <delay ms_delay="2000"/>
                    </command>
                </command_interface>
            </action>
            <action name="PowerToggle">
                <update_state_variable name="Power_current_power_setting" update_type="set" update_source="constant">1</update_state_variable>
                <command_interface interface="ir">
                    <command response_required="no">
                        <command_string type="hex">0000000000008ccc000f000a0006000a000600160006000a0006001c0006000f0006000a0006000a0006000a0006000a000600160006000f000600160006000a0006000a0006001c0006000a00060c4c00000000</command_string>
                        <delay ms_delay="0"/>
                    </command>
                    <command response_required="no">
                        <command_string type="hex">0000000000008ccc000f000a0006000a000600160006000a0006001c0006000f0006000a0006000a0006000a0006000a000600160006000f000600160006000a0006000a0006001c0006000a00060c4c00000000</command_string>
                        <delay ms_delay="0"/>
                    </command>
                    <command response_required="no">
                        <command_string type="hex">0000000000008ccc000f000a0006000a000600160006000a0006001c0006000f0006000a0006000a0006000a0006000a000600160006000f000600160006000a0006000a0006001c0006000a00060c4c00000000</command_string>
                        <delay ms_delay="2000"/>
                    </command>
                </command_interface>
            </action>
        </universal_component_actions>
        <resource_component_actions resource_type="AV_TV_SOURCE">
        <action name="ChannelDigitalSelect">
            <action_argument name="MajorChannelNumber"/>
            <action_argument name="MinorChannelNumber"/>
            <command_interface interface="ir">
                <command response_required="no">
                    <command_string macro_name="ChannelDigitalSelectUsingDigits" data_length="4"></command_string>
                    <delay ms_delay="200"/>
                </command>
                <command> <!-- "Select" Command -->
                    <command_string type="hex">0000000000008ccc000f000a0006000a000600160006000a0006001c0006000f0006000a0006000a0006000a0006000a000600160006000f000600160006000f0006000f0006001c0006000a00060c3c00000000</command_string>
                    <delay ms_delay="400"/>
                </command>
            </command_interface>
        </action>
        <action name="ChannelDigitalUp" >
            <command_interface interface="ir">
                <command response_required="no">
                    <command_string type="hex">0000000000008ccc000f000a0006000a000600160006000a0006001c0006000f0006000a0006000a0006000a0006000a000600160006000f000600160006000a000600160006000a0006000a00060c5b00000000</command_string>
                    <delay ms_delay="200"/>
                </command>
            </command_interface>
        </action>
        <action name="ChannelDigitalDown">
            <command_interface interface="ir">
                <command response_required="no">
                    <command_string type="hex">0000000000008ccc0010000A0005000A000500160005000A0005001C000500100005000A0005000A0005000A000500160005001600050010000500160005000A000500160005000A0005001000050C3E00000000</command_string>
                    <delay ms_delay="200"/>    
                </command>
            </command_interface>
        </action>
        <action name="ChannelAnalogSelect">
            <action_argument name="ChannelNumber"/>
            <command_interface interface="ir">
                <command response_required="no">
                    <command_string macro_name="ChannelAnalogSelectUsingDigits" data_length="4"></command_string>
                    <delay ms_delay="200"/>
                </command>
                <command> <!-- "Select" Command -->
                    <command_string type="hex">0000000000008ccc000f000a0006000a000600160006000a0006001c0006000f0006000a0006000a0006000a0006000a000600160006000f000600160006000f0006000f0006001c0006000a00060c3c00000000</command_string>
                    <delay ms_delay="400"/>
                </command>
            </command_interface>
        </action>
        <action name="ChannelAnalogUp" >
            <command_interface interface="ir">
                <command response_required="no">
                    <command_string type="hex">0000000000008ccc000f000a0006000a000600160006000a0006001c0006000f0006000a0006000a0006000a0006000a000600160006000f000600160006000a000600160006000a0006000a00060c5b00000000</command_string>
                    <delay ms_delay="200"/>
                </command>
            </command_interface>
        </action>
        <action name="ChannelAnalogDown">
            <command_interface interface="ir">
                <command response_required="no">
                    <command_string type="hex">0000000000008ccc0010000A0005000A000500160005000A0005001C000500100005000A0005000A0005000A000500160005001600050010000500160005000A000500160005000A0005001000050C3E00000000</command_string>
                    <delay ms_delay="200"/>
                </command>
            </command_interface>
        </action>
        <action name="NumberZero">
            <command_interface interface="ir">
                <command response_required="no">
                    <command_string type="hex">0000000000008ccc000f000a0006000a000600160006000a0006001c0006000f0006000a0006000a0006000a0006000a000600160006000f000600160006000a0006000a0006000a0006000a00060c6c00000000</command_string>
                    <delay ms_delay="500"/>
                </command>
            </command_interface>            
        </action>
        <action name="NumberOne">
            <command_interface interface="ir">
                <command response_required="no">
                    <command_string type="hex">0000000000008ccc000f000a0006000a000600160006000a0006001c0006000f0006000a0006000a0006000a00060016000600160006000f000600160006000a0006000a0006000a0006000f00060c4c00000000</command_string>
                    <delay ms_delay="500"/>
                </command>
            </command_interface>
        </action>
        <action name="NumberTwo">
            <command_interface interface="ir">
                <command response_required="no">
                    <command_string type="hex">0000000000008e08000f000b0006000b000600160006000b0006001c0006000f0006000b0006000b0006000b0006000b000600160006000f000600160006000b0006000b0006000b0006001600060c7700000000</command_string>
                    <delay ms_delay="500"/>
                </command>
            </command_interface>
        </action>
        <action name="NumberThree">
            <command_interface interface="ir">
                <command response_required="no">
                    <command_string type="hex">0000000000008ccc000f000a0006000a000600160006000a0006001c0006000f0006000a0006000a0006000a0006000a000600160006000f000600160006000a0006000a0006000a0006001c00060c4c00000000</command_string>
                    <delay ms_delay="500"/>
                </command>
            </command_interface>
        </action>
        <action name="NumberFour">
            <command_interface interface="ir">
                <command response_required="no">
                    <command_string type="hex">0000000000008ccc000f000a0006000a000600160006000a0006001c0006000f0006000a0006000a0006000a0006000a000600160006000f000600160006000a0006000a0006000f0006000a00060c5c00000000</command_string>
                    <delay ms_delay="500"/>
                </command>
            </command_interface>
        </action>
        <action name="NumberFive">
            <command_interface interface="ir">
                <command response_required="no">
                    <command_string type="hex">0000000000008ccc000f000a0006000a000600160006000a0006001c0006000f0006000a0006000a0006000a00060016000600160006000f000600160006000a0006000a0006000f0006000f00060c4c00000000</command_string>
                    <delay ms_delay="500"/>
                </command>
            </command_interface>
        </action>
        <action name="NumberSix">
            <command_interface interface="ir">
                <command response_required="no">
                    <command_string type="hex">0000000000008ccc000f000a0006000a000600160006000a0006001c0006000f0006000a0006000a0006000a00060016000600160006000f000600160006000a0006000a0006000f0006001600060c3c00000000</command_string>
                    <delay ms_delay="500"/>
                </command>
            </command_interface>
        </action>
        <action name="NumberSeven">
            <command_interface interface="ir">
                <command response_required="no">
                    <command_string type="hex">0000000000008e08000e000b0005000b000500170005000b0005001d000500110005000b0005000b0005000b000500170005001700050011000500170005000b0005000b000500110005001d00050c5700000000</command_string>
                    <delay ms_delay="500"/>
                </command>
            </command_interface>
        </action>
        <action name="NumberEight">
            <command_interface interface="ir">
                <command response_required="no">
                    <command_string type="hex">0000000000008e08000f000b0006000b000600160006000b0006001c0006000f0006000b0006000b0006000b0006000b000600160006000f000600160006000b0006000b000600160006000b00060c7700000000</command_string>
                    <delay ms_delay="0"/>
                </command>
                <command response_required="no">
                    <command_string type="hex">0000000000008e08000f000b0006000b000600160006000b0006001c0006000f0006000b0006000b0006000b0006000b000600160006000f000600160006000b0006000b000600160006000b00060c7700000000</command_string>
                    <delay ms_delay="0"/>
                </command>
                <command response_required="no">
                    <command_string type="hex">0000000000008e08000f000b0006000b000600160006000b0006001c0006000f0006000b0006000b0006000b0006000b000600160006000f000600160006000b0006000b000600160006000b00060c7700000000</command_string>
                    <delay ms_delay="500"/>
                </command>
                
            </command_interface>
        </action>
        <action name="NumberNine">
            <command_interface interface="ir">
                <command response_required="no">
                    <command_string type="hex">0000000000008ccc000d000d0004000d000400180004000d0004001e000400120004000d0004000d0004000d0004000d0004001800040012000400180004000d0004000d000400180004001200040c4c00000000</command_string>
                    <delay ms_delay="500"/>
                </command>
            </command_interface>
        </action>
        <action name="Guide">
            <command_interface interface="ir">
                <command response_required="no">
                    <command_string type="hex">0000000000008ccc000f000a0006000a000600160006000a0006001c0006000f0006000a0006000a0006000a00060016000600160006000f000600160006001c0006000a0006001c0006000a00060c2b00000000</command_string>
                    <delay ms_delay="200"/>
                </command>
            </command_interface>
        </action>
        <action name="OSDCursorUp">
            <command_interface interface="ir">
                <command response_required="no">
                    <command_string type="hex">0000000000008ccc000f000a0006000a000600160006000a0006001c0006000f0006000a0006000a0006000a0006000a000600160006000f000600160006000f0006000f000600160006000a00060c4b00000000</command_string>
                    <delay ms_delay="200"/>
                </command>
            </command_interface>
        </action>
        <action name="OSDCursorDown">
            <command_interface interface="ir">
                <command response_required="no">
                    <command_string type="hex">0000000000008ccc000f000a0006000a000600160006000a0006001c0006000f0006000a0006000a0006000a00060016000600160006000f000600160006000f0006000f000600160006000f00060c2c00000000</command_string>
                    <delay ms_delay="200"/>
                </command>
            </command_interface>
        </action>
        <action name="OSDCursorLeft">
            <command_interface interface="ir">
                <command response_required="no">
                    <command_string type="hex">0000000000008ccc000f000a0006000a000600160006000a0006001c0006000f0006000a0006000a0006000a0006000a000600160006000f000600160006000f0006000f000600160006001600060c3c00000000</command_string>
                    <delay ms_delay="200"/>
                </command>
            </command_interface>
        </action>
        <action name="OSDCursorRight">
            <command_interface interface="ir">
                <command response_required="no">
                    <command_string type="hex">0000000000008ccc000f000a0006000a000600160006000a0006001c0006000f0006000a0006000a0006000a00060016000600160006000f000600160006000f0006000f000600160006001c00060c1c00000000</command_string>
                    <delay ms_delay="200"/>
                </command>
            </command_interface>
        </action>
        <action name="Select">
            <command_interface interface="ir">
                <command response_required="no">
                    <command_string type="hex">0000000000008ccc0010000A0005000A000500160005000A0005001C000500100005000A0005000A0005000A0005001600050016000500100005001600050010000500100005001C0005000A00050C2E00000000</command_string>
                    <delay ms_delay="200"/>  
                </command>
            </command_interface>
        </action>
        <action name="LastChannel">
            <command_interface interface="ir">
                <command response_required="no">
                    <command_string type="hex">0000000000008ccc000f000a0006000a000600160006000a0006001c0006000f0006000a0006000a0006000a0006000a000600160006000f000600160006000a0006000a000600160006001600060c4b00000000</command_string>
                    <delay ms_delay="200"/>
                </command>
            </command_interface>
        </action>
        <action name="Info">
            <command_interface interface="ir">
                <command response_required="no">
                    <command_string type="hex">0000000000008ccc000f000a0006000a000600160006000a0006001c0006000f0006000a0006000a0006000a00060016000600160006000f000600160006000a0006000a0006001c0006001c00060c2c00000000</command_string>
                    <delay ms_delay="200"/>
                </command>
            </command_interface>
        </action>
        <action name="Exit">
            <command_interface interface="ir">
                <command response_required="no">
                    <command_string type="hex">0000000000008ccc000f000a0006000a000600160006000a0006001c0006000f0006000a0006000a0006000a00060016000600160006000f000600160006000f0006000f0006000f0006000f00060c3c00000000</command_string>
                    <delay ms_delay="200"/>
                </command>
            </command_interface>
        </action>
        <action name="Play">
            <command_interface interface="ir">
                <command response_required="no">
                    <command_string type="hex">0000000000008e08000f000b0006000b000600160006000b0006001c0006000f0006000b0006000b0006000b0006000b000600160006000f000600160006000b000600160006001c0006000b00060c5700000000</command_string>
                    <delay ms_delay="0"/>
                </command>
                <command response_required="no">
                    <command_string type="hex">0000000000008e08000f000b0006000b000600160006000b0006001c0006000f0006000b0006000b0006000b0006000b000600160006000f000600160006000b000600160006001c0006000b00060c5700000000</command_string>
                    <delay ms_delay="0"/>
                </command>
                <command response_required="no">
                    <command_string type="hex">0000000000008e08000f000b0006000b000600160006000b0006001c0006000f0006000b0006000b0006000b0006000b000600160006000f000600160006000b000600160006001c0006000b00060c5700000000</command_string>
                    <delay ms_delay="200"/>
                </command>
            </command_interface>
        </action>
        <action name="Pause">
            <command_interface interface="ir">
                <command response_required="no">
                    <command_string type="hex">0000000000008e08000e000b0005000b000500170005000b0005001d000500110005000b0005000b0005000b000500170005001700050011000500170005000b0005001d0005000b0005000b00050c5800000000</command_string>
                    <delay ms_delay="200"/>
                </command>
            </command_interface>
        </action>
        <action name="Stop">
            <command_interface interface="ir">
                <command response_required="no">
                    <command_string type="hex">0000000000008ccc000f000a0006000a000600160006000a0006001c0006000f0006000a0006000a0006000a0006000a000600160006000f000600160006000a0006001c0006000a0006000f00060c4b00000000</command_string>
                    <delay ms_delay="200"/>
                </command>
            </command_interface>
        </action>
        <action name="FastForward">
            <command_interface interface="ir">
                <command response_required="no">
                    <command_string type="hex">0000000000008ccc000f000a0006000a000600160006000a0006001c0006000f0006000a0006000a0006000a00060016000600160006000f000600160006000a00060016000600160006000a00060c3c00000000</command_string>
                    <delay ms_delay="200"/>
                </command>
            </command_interface>
        </action>
        <action name="Rewind">
            <command_interface interface="ir">
                <command response_required="no">
                    <command_string type="hex">0000000000008ccc000f000a0006000a000600160006000a0006001c0006000f0006000a0006000a0006000a0006000a000600160006000f000600160006000a00060016000600160006000f00060c3b00000000</command_string>
                    <delay ms_delay="200"/>
                </command>
            </command_interface>
        </action>
        <action name="Record">
            <command_interface interface="ir">
                <command response_required="no">
                    <command_string type="hex">0000000000008e08000f000b0006000b000600160006000b0006001c0006000f0006000b0006000b0006000b0006000b000600160006000f000600160006000b0006001c0006000f0006001c00060c4700000000</command_string>
                    <delay ms_delay="200"/>
                </command>
            </command_interface>            
        </action>
            <action name="MyDVR">
                <command_interface interface="ir">
                    <command response_required="no">
                        <command_string type="hex">0000000000008ccc000f000a0006000a000600160006000a0006001c0006000f0006000a0006000a0006000a00060016000600160006000f000600160006000f0006000a0006000f0006000a00060c4c00000000</command_string>
                        <delay ms_delay="200"/>
                    </command>
                </command_interface>            
            </action>
            <action name="Menu">
                <command_interface interface="ir">
                    <command response_required="no">
                        <command_string type="hex">0000000000008ccc0010000A0005000A000500160005000A0005001C000500100005000A0005000A0005000A000500160005001600050010000500160005001000050010000500100005000A00050C3E00000000</command_string>
                        <delay ms_delay="200"/>
                    </command>
                </command_interface>            
            </action>
            
        </resource_component_actions>
        <custom_component_actions>
            <action name="Recorded_TV">
                <command_interface interface="ir">
                    <command response_required="no">
                        <command_string type="hex">0000000000008ccc000f000a0006000a000600160006000a0006001c0006000f0006000a0006000a0006000a00060016000600160006000f000600160006000f0006000a0006000f0006000a00060c4c00000000</command_string>
                        <delay ms_delay="200"/>
                    </command>
                </command_interface>            
            </action>
            <action name="Back">
                <command_interface interface="ir">
                    <command response_required="no">
                        <command_string type="hex">0000000000008ccc000f000a0006000a000600160006000a0006001c0006000f0006000a0006000a0006000a00060016000600160006000f00060016000600160006000a0006000a0006001c00060c2c00000000</command_string>
                        <delay ms_delay="200"/>
                    </command>
                </command_interface>
            </action>
            <action name="Forward">
                <command_interface interface="ir">
                    <command response_required="no">
                        <command_string type="hex">0000000000008ccc000f000a0006000a000600160006000a0006001c0006000f0006000a0006000a0006000a0006000a000600160006000f000600160006000f0006000a0006001c0006000a00060c4b00000000</command_string>
                        <delay ms_delay="200"/>
                    </command>
                </command_interface>
            </action>
            <action name="Repeat">
                <command_interface interface="ir">
                    <command response_required="no">
                        <command_string type="hex">0000000000008081000b000d0002000d00011f400003000d00011f40000200120002000d0002000d00020026000200170003001200030017000300120003000d0002001c0003001200030b1c00000000</command_string>
                        <delay ms_delay="200"/>
                    </command>
                </command_interface>
            </action>
        </custom_component_actions>
        
    </logical_component>
</component>