<?xml version="1.0" encoding="UTF-8"?>
<component xmlns:xsi="http://www.w3.org/2001/XMLSchema-instance"
     xsi:noNamespaceSchemaLocation="racepoint_component_profile.xsd" manufacturer="Generic" model="StereoSpeakers" device_class="Stereo_speaker_system" minimum_component_engine_version="0" rpm_xml_version="1.8">
    
	<notes>
		====================== Change Log ==================
		Version: 1.8 Change: Version Number bump to support new Savant Revisioning Scheme.  Risk: Low Importance: Forced
	</notes>
    <modular_chassis>
        <module model_name="StandardWire">
            <input name_on_component="StandardWire">
                <audio_media type="speakers_stereo"/>
                <resource resource_type="AV_STEREOSPEAKERS_SINK"/>
            </input>
        </module>
        <module model_name="XLRWire">
            <input name_on_component="XLRWire">
                <audio_media type="analog_minijack"/>
                <resource resource_type="AV_STEREOSPEAKERS_SINK"/>
            </input>
        </module>
        <module model_name="StandardWire With External Volume Control">
            <input name_on_component="StandardWire">
                <audio_media type="speakers_stereo"/>
                <resource resource_type="AV_STEREOSPEAKERS_SINK"/>
                <resource resource_type="AV_VOLUMECONTROL_FUNCTION"/>
            </input>
        </module>
        <module model_name="XLRWire With External Volume Control">
            <input name_on_component="XLRWire">
                <audio_media type="analog_minijack"/>
                <resource resource_type="AV_STEREOSPEAKERS_SINK"/>
                <resource resource_type="AV_VOLUMECONTROL_FUNCTION"/>
            </input>
        </module>
        <chassis_slots>
            <slot id="Connector">
                <supported_module model_name="StandardWire"/>
                <supported_module model_name="XLRWire"/>
                <supported_module model_name="StandardWire With External Volume Control"/>
                <supported_module model_name="XLRWire With External Volume Control"/>
                <default_module model_name="StandardWire"/>
            </slot>
        </chassis_slots>
    </modular_chassis>
    
    <logical_ios>
        <input logical_name="SpeakerInput">
            <audio_media type="speakers_stereo"/>
            <default_io name_on_component="StandardWire" model="StandardWire" slot="Connector"/>
            <default_io name_on_component="XLRWire" model="XLRWire" slot="Connector"/>
            <default_io name_on_component="StandardWire" model="StandardWire With External Volume Control" slot="Connector"/>
            <default_io name_on_component="XLRWire" model="XLRWire With External Volume Control" slot="Connector"/>
        </input>
    </logical_ios>
    
    <logical_component logical_component_name="StereoSpeakers">
        <implementation>
            <input logical_name="SpeakerInput"></input>
        </implementation>
    </logical_component>
</component>