<?xml version="1.0" encoding="UTF-8"?>
<component xmlns:xsi="http://www.w3.org/2001/XMLSchema-instance" xsi:noNamespaceSchemaLocation="racepoint_component_profile.xsd" 
    manufacturer="Generic" model="Large SignalSource" device_class="Signal_source" minimum_component_engine_version="0" rpm_xml_version="1.2">
	<notes>
		====================== Change Log ==================
		Version: 1.2 Change: Version Number bump to support new Savant Revisioning Scheme.  Risk: Low Importance: Forced
	</notes>
    <media_interfaces>
        <output name_on_component="AM Antenna 1">
            <signal type="am_antenna"/>
            <resource resource_type="AV_AMRADIO_SOURCE"/>
        </output>
        <output name_on_component="AM Antenna 2">
            <signal type="am_antenna"/>
            <resource resource_type="AV_AMRADIO_SOURCE"/>
        </output>
        <output name_on_component="AM Antenna 3">
            <signal type="am_antenna"/>
            <resource resource_type="AV_AMRADIO_SOURCE"/>
        </output>
        <output name_on_component="AM Antenna 4">
            <signal type="am_antenna"/>
            <resource resource_type="AV_AMRADIO_SOURCE"/>
        </output>
        
        <output name_on_component="FM Antenna 1">
            <signal type="fm_antenna"/>
            <resource resource_type="AV_FMRADIO_SOURCE"/>
        </output>
        <output name_on_component="FM Antenna 2">
            <signal type="fm_antenna"/>
            <resource resource_type="AV_FMRADIO_SOURCE"/>
        </output>
        <output name_on_component="FM Antenna 3">
            <signal type="fm_antenna"/>
            <resource resource_type="AV_FMRADIO_SOURCE"/>
        </output>
        <output name_on_component="FM Antenna 4">
            <signal type="fm_antenna"/>
            <resource resource_type="AV_FMRADIO_SOURCE"/>
        </output>
        
        <output name_on_component="AM/FM Antenna 1">
            <signal type="combined_am_fm_antenna"/>
            <resource resource_type="AV_MULTIBANDRADIO_SOURCE"/>
        </output>
        <output name_on_component="AM/FM Antenna 2">
            <signal type="combined_am_fm_antenna"/>
            <resource resource_type="AV_MULTIBANDRADIO_SOURCE"/>
        </output>
        <output name_on_component="AM/FM Antenna 3">
            <signal type="combined_am_fm_antenna"/>
            <resource resource_type="AV_MULTIBANDRADIO_SOURCE"/>
        </output>
        <output name_on_component="AM/FM Antenna 4">
            <signal type="combined_am_fm_antenna"/>
            <resource resource_type="AV_MULTIBANDRADIO_SOURCE"/>
        </output>
        

        <output name_on_component="Digital Cable TV Coaxial 1">
            <signal type="digital_tv_coaxial"/>
            <resource resource_type="AV_TV_SOURCE"/>
        </output>
        <output name_on_component="Digital Cable TV Coaxial 2">
            <signal type="digital_tv_coaxial"/>
            <resource resource_type="AV_TV_SOURCE"/>
        </output>
        <output name_on_component="Digital Cable TV Coaxial 3">
            <signal type="digital_tv_coaxial"/>
            <resource resource_type="AV_TV_SOURCE"/>
        </output>
        <output name_on_component="Digital Cable TV Coaxial 4">
            <signal type="digital_tv_coaxial"/>
            <resource resource_type="AV_TV_SOURCE"/>
        </output>
        <output name_on_component="Digital Cable TV Coaxial 5">
            <signal type="digital_tv_coaxial"/>
            <resource resource_type="AV_TV_SOURCE"/>
        </output>
        <output name_on_component="Digital Cable TV Coaxial 6">
            <signal type="digital_tv_coaxial"/>
            <resource resource_type="AV_TV_SOURCE"/>
        </output>
        <output name_on_component="Digital Cable TV Coaxial 7">
            <signal type="digital_tv_coaxial"/>
            <resource resource_type="AV_TV_SOURCE"/>
        </output>
        <output name_on_component="Digital Cable TV Coaxial 8">
            <signal type="digital_tv_coaxial"/>
            <resource resource_type="AV_TV_SOURCE"/>
        </output>
        <output name_on_component="Digital Cable TV Coaxial 9">
            <signal type="digital_tv_coaxial"/>
            <resource resource_type="AV_TV_SOURCE"/>
        </output>
        <output name_on_component="Digital Cable TV Coaxial 10">
            <signal type="digital_tv_coaxial"/>
            <resource resource_type="AV_TV_SOURCE"/>
        </output>
        <output name_on_component="Digital Cable TV Coaxial 11">
            <signal type="digital_tv_coaxial"/>
            <resource resource_type="AV_TV_SOURCE"/>
        </output>
        <output name_on_component="Digital Cable TV Coaxial 12">
            <signal type="digital_tv_coaxial"/>
            <resource resource_type="AV_TV_SOURCE"/>
        </output>
        <output name_on_component="Digital Cable TV Coaxial 13">
            <signal type="digital_tv_coaxial"/>
            <resource resource_type="AV_TV_SOURCE"/>
        </output>
        <output name_on_component="Digital Cable TV Coaxial 14">
            <signal type="digital_tv_coaxial"/>
            <resource resource_type="AV_TV_SOURCE"/>
        </output>
        <output name_on_component="Digital Cable TV Coaxial 15">
            <signal type="digital_tv_coaxial"/>
            <resource resource_type="AV_TV_SOURCE"/>
        </output>
        <output name_on_component="Digital Cable TV Coaxial 16">
            <signal type="digital_tv_coaxial"/>
            <resource resource_type="AV_TV_SOURCE"/>
        </output>

        <output name_on_component="Satellite Radio">
            <signal type="satellite_radio"/>
            <resource resource_type="AV_SATELLITERADIO_SOURCE"/>
        </output>
        <output name_on_component="Satellite Radio 2">
            <signal type="satellite_radio"/>
            <resource resource_type="AV_SATELLITERADIO_SOURCE"/>
        </output>
        <output name_on_component="Satellite Radio 3">
            <signal type="satellite_radio"/>
            <resource resource_type="AV_SATELLITERADIO_SOURCE"/>
        </output>
        <output name_on_component="Satellite Radio 4">
            <signal type="satellite_radio"/>
            <resource resource_type="AV_SATELLITERADIO_SOURCE"/>
        </output>
        
        <output name_on_component="Satellite TV">
            <signal type="satellite_tv"/>
            <resource resource_type="AV_SATELLITETV_SOURCE"/>
        </output>
        <output name_on_component="Satellite TV 2">
            <signal type="satellite_tv"/>
            <resource resource_type="AV_SATELLITETV_SOURCE"/>
        </output>
        <output name_on_component="Satellite TV 3">
            <signal type="satellite_tv"/>
            <resource resource_type="AV_SATELLITETV_SOURCE"/>
        </output>
        <output name_on_component="Satellite TV 4">
            <signal type="satellite_tv"/>
            <resource resource_type="AV_SATELLITETV_SOURCE"/>
        </output>
        <output name_on_component="Satellite TV 5">
            <signal type="satellite_tv"/>
            <resource resource_type="AV_SATELLITETV_SOURCE"/>
        </output>
        <output name_on_component="Satellite TV 6">
            <signal type="satellite_tv"/>
            <resource resource_type="AV_SATELLITETV_SOURCE"/>
        </output>
        <output name_on_component="Satellite TV 7">
            <signal type="satellite_tv"/>
            <resource resource_type="AV_SATELLITETV_SOURCE"/>
        </output>
        <output name_on_component="Satellite TV 8">
            <signal type="satellite_tv"/>
            <resource resource_type="AV_SATELLITETV_SOURCE"/>
        </output>
        <output name_on_component="Satellite TV 9">
            <signal type="satellite_tv"/>
            <resource resource_type="AV_SATELLITETV_SOURCE"/>
        </output>
        <output name_on_component="Satellite TV 10">
            <signal type="satellite_tv"/>
            <resource resource_type="AV_SATELLITETV_SOURCE"/>
        </output>
        <output name_on_component="Satellite TV 11">
            <signal type="satellite_tv"/>
            <resource resource_type="AV_SATELLITETV_SOURCE"/>
        </output>
        <output name_on_component="Satellite TV 12">
            <signal type="satellite_tv"/>
            <resource resource_type="AV_SATELLITETV_SOURCE"/>
        </output>
        <output name_on_component="Satellite TV 13">
            <signal type="satellite_tv"/>
            <resource resource_type="AV_SATELLITETV_SOURCE"/>
        </output>
        <output name_on_component="Satellite TV 14">
            <signal type="satellite_tv"/>
            <resource resource_type="AV_SATELLITETV_SOURCE"/>
        </output>
        <output name_on_component="Satellite TV 15">
            <signal type="satellite_tv"/>
            <resource resource_type="AV_SATELLITETV_SOURCE"/>
        </output>
        <output name_on_component="Satellite TV 16">
            <signal type="satellite_tv"/>
            <resource resource_type="AV_SATELLITETV_SOURCE"/>
        </output>

        <data name_on_component="Internet">
            <data_media type="ethernet"/>
        </data>
        
        <data name_on_component="Line 1">
            <data_media type="phone"/>
        </data>
        <data name_on_component="Line 2">
            <data_media type="phone"/>
        </data>
        <data name_on_component="Line 3">
            <data_media type="phone"/>
        </data>
        <data name_on_component="Line 4">
            <data_media type="phone"/>
        </data>
    </media_interfaces>
</component>